uuid,enum_id,hh_id,gps_lat,gps_lon,gps_precision,weight,stratum,cluster_id,site,admin1,admin2,consent,respondent_age,respondent_sex,num_members,start,end,deviceid,hh_size,hohh_status,residency_status,dod_idp_returnee,date_dod_idp_returnee,first_priority_need,second_priority_need,left_yn,num_left,fsl_fcs_cereal,fsl_fcs_legumes,fsl_fcs_score,fsl_fcs_cat,fsl_hhs_score,fsl_hhs_cat
HH-00001,ENUM-49,HHID-00001,-22.58277860747475,71.33821704710826,1.8513292883861965,1.7977044628405452,Urban,CLU-97,Site3,Admin1_E,Admin2_12,yes,54,m,12,2024-01-11,2024-01-12,device-9167,12,divorced,host,,,drinking_water,food,no,0,6,3,21,Poor,14,Severe
HH-00002,ENUM-49,HHID-00002,81.12857515378491,12.994691883883348,5.419009473783581,1.6979546940743275,Camp,CLU-35,Site17,Admin1_E,Admin2_7,yes,70,m,4,2024-01-02,2024-01-06,device-8242,4,divorced,refugee,yes,2023-10-20,drinking_water,food,yes,1,7,7,35,Borderline,6,Severe
HH-00003,ENUM-42,HHID-00003,41.75890952605292,-68.57005813692201,8.729458358764083,0.5641051645160893,Rural,CLU-43,Site12,Admin1_A,Admin2_3,yes,30,f,32,2024-01-02,2024-01-07,device-1845,8,widowed,idp,no,,shelter_materials,drinking_water,yes,1,5,3,19,Poor,3,Moderate
HH-00004,ENUM-5,HHID-00004,17.758527155466595,112.9662070945015,7.322248864095612,1.3531195690653908,Camp,CLU-39,Site2,Admin1_E,Admin2_15,yes,39,f,13,2024-01-07,2024-01-09,device-4335,13,widowed,refugee,no,,wash_nfi,drinking_water,no,0,0,3,9,Poor,0,None
HH-00005,ENUM-12,HHID-00005,-61.916644720361425,-236.64193880924915,8.065611478614498,1.4504890469646425,Rural,CLU-75,Site4,Admin1_B,Admin2_7,yes,64,m,12,2024-01-06,2024-01-09,device-5375,12,divorced,idp_returnee,yes,2023-05-11,food,drinking_water,yes,0,7,7,35,Borderline,6,Severe
HH-00006,ENUM-50,HHID-00006,-61.92098633948352,-121.45790183583912,6.587833667107174,1.4970569522422512,Camp,CLU-93,Site14,Admin1_D,Admin2_8,yes,63,m,3,2024-01-07,2024-01-04,device-9998,3,widowed,idp,no,,healthcare,drinking_water,no,0,2,5,19,Poor,3,Moderate
HH-00007,ENUM-41,HHID-00007,-79.5449498097241,147.93378641778327,6.922765645178525,1.9504309230683308,Urban,CLU-74,Site8,Admin1_C,Admin2_15,yes,32,m,2,2024-01-07,2024-01-11,device-3146,2,married,refugee,yes,2023-03-16,shelter_materials,drinking_water,no,0,0,6,18,Poor,3,Moderate
HH-00008,ENUM-32,HHID-00008,65.91170623948832,116.11340745234082,8.491956515653193,1.8340063668171962,Camp,CLU-2,Site3,Admin1_B,Admin2_7,yes,61,f,4,2024-01-06,2024-01-07,device-5719,4,married,refugee,yes,2023-04-01,shelter_materials,drinking_water,no,0,1,3,11,Poor,6,Severe
HH-00009,ENUM-30,HHID-00009,18.20070211377758,161.92796878509267,2.4966800885918596,2.0197627319836116,Camp,CLU-34,Site11,Admin1_B,Admin2_6,yes,52,m,9,2024-01-16,2024-01-21,device-8178,9,widowed,refugee,no,,food,drinking_water,no,0,1,6,20,Poor,0,None
HH-00010,ENUM-49,HHID-00010,37.45306400328819,81.2590230198096,4.894249636431405,2.4122081538553206,Rural,CLU-84,Site20,Admin1_D,Admin2_9,yes,58,f,7,2024-01-15,2024-01-20,device-8941,7,widowed,idp,yes,2023-08-28,food,drinking_water,yes,1,5,2,16,Poor,6,Severe
HH-00011,ENUM-37,HHID-00011,-86.29479102675556,40.829470536884344,2.2120944181960223,2.532464346790234,Rural,CLU-47,Site20,Admin1_E,Admin2_7,yes,68,f,13,2024-01-09,2024-01-11,device-2989,13,divorced,idp,no,,wash_nfi,drinking_water,no,0,5,0,10,Poor,2,Moderate
HH-00012,ENUM-49,HHID-00012,84.58377338915898,-29.432506935377205,9.87668007996647,2.295307690566236,Urban,CLU-89,Site20,Admin1_D,Admin2_2,yes,48,f,6,,2024-01-20,device-1472,6,divorced,idp,no,,drinking_water,food,yes,0,6,5,27,Poor,4,Severe
HH-00013,ENUM-38,HHID-00013,59.839675344075914,155.78225400744475,9.440593396866133,2.888809239887337,Camp,CLU-31,Site13,Admin1_B,Admin2_14,yes,76,m,13,2024-01-15,2024-01-19,device-4920,13,widowed,idp,yes,2023-02-17,shelter_materials,drinking_water,no,0,2,0,4,Poor,4,Severe
HH-00014,ENUM-29,HHID-00014,-51.77896007791029,131.78300022014702,0.394268113685059,0.5455814566909041,Camp,CLU-8,Site11,Admin1_A,Admin2_8,yes,10,m,9,2024-01-10,2024-01-11,device-3594,9,married,host,,,shelter_materials,drinking_water,no,0,6,1,15,Poor,1,Moderate
HH-00015,ENUM-44,HHID-00015,-57.27150590272189,-163.72127876177183,7.055751725156885,0.9894449642088652,Camp,CLU-86,Site1,Admin1_A,Admin2_13,yes,60,f,10,2024-01-10,2024-01-13,device-6091,10,single,refugee,yes,2023-04-13,food,drinking_water,no,0,0,5,15,Poor,4,Severe
HH-00016,ENUM-37,HHID-00016,-56.98718822638191,-170.50788918098928,9.252483174156659,0.5189071874453552,Camp,CLU-16,Site9,Admin1_B,Admin2_14,yes,40,f,12,2024-01-12,2024-01-17,device-1224,12,widowed,host,,,shelter_materials,drinking_water,no,0,6,0,12,Poor,5,Severe
HH-00017,ENUM-42,HHID-00017,-35.23639626728321,-44.473187923902145,1.8057534512733353,2.1186867853865072,Urban,CLU-60,Site15,Admin1_A,Admin2_10,yes,50,f,11,2024-01-15,2024-01-18,device-7684,11,divorced,idp_returnee,yes,2023-04-24,healthcare,drinking_water,yes,0,0,1,3,Poor,1,Moderate
HH-00018,ENUM-41,HHID-00018,4.456157693802808,111.79919908145985,5.679452305526294,2.7450763723749674,Rural,CLU-40,Site16,Admin1_E,Admin2_11,yes,1,f,12,2024-01-15,2024-01-16,device-2527,12,divorced,refugee,no,,wash_nfi,drinking_water,no,0,2,2,132,Poor,2,Moderate
HH-00019,ENUM-40,HHID-00019,-12.249896644419167,175.41940655337999,9.154882975880419,1.1087057414407482,Camp,CLU-21,Site8,Admin1_D,Admin2_13,yes,72,f,1,2024-01-21,2024-01-24,device-4681,1,widowed,idp,no,,food,food,yes,5,0,4,12,Poor,3,Moderate
HH-00020,ENUM-21,HHID-00020,-37.57875476435245,-125.84991920272985,0.3394597858579884,2.8175863619907666,Urban,CLU-52,Site12,Admin1_C,Admin2_11,yes,28,m,3,2024-01-23,2024-01-28,device-2858,3,divorced,idp,yes,2023-08-04,wash_nfi,drinking_water,yes,1,4,7,29,Borderline,3,Moderate
HH-00021,ENUM-41,HHID-00021,20.133521050028307,33.88705752676864,6.974202672468399,0.6506684757239021,Urban,CLU-88,Site18,Admin1_D,Admin2_4,yes,71,m,7,2024-01-15,2024-01-18,device-8560,37,married,idp,no,,shelter_materials,drinking_water,no,0,6,3,21,Poor,2,Moderate
HH-00022,ENUM-21,HHID-00022,-64.89110508263246,-42.87929161283225,2.9734900737255074,2.8360900670137856,Urban,CLU-65,Site13,Admin1_C,Admin2_3,yes,60,m,11,2024-01-23,2024-01-27,device-2924,11,divorced,host,,,drinking_water,food,no,0,6,5,27,Poor,3,Moderate
HH-00023,ENUM-10,HHID-00023,-37.41396326366073,169.16918321325716,9.243961953765304,1.379056718099086,Urban,CLU-91,Site14,Admin1_B,Admin2_8,yes,74,m,1,2024-01-19,2024-01-22,device-3522,1,single,idp,no,,drinking_water,drinking_water,no,0,4,0,8,Poor,2,Moderate
HH-00024,ENUM-29,HHID-00024,-24.0548682071355,123.16281232885513,9.710582451653679,0.7535520711230412,Urban,CLU-99,Site6,Admin1_B,Admin2_2,yes,53,f,13,2024-01-27,2024-01-31,device-9165,13,single,refugee,no,,healthcare,drinking_water,yes,0,5,0,10,Poor,8,Moderate
HH-00348,ENUM-5,HHID-00025,-7.907402840933528,121.79833369600965,9.442664891134338,1.7146793979658141,Rural,CLU-40,Site19,Admin1_C,Admin2_13,yes,29,f,2,2024-01-25,2024-01-28,device-5781,2,married,refugee,yes,2023-12-19,healthcare,drinking_water,no,0,5,3,19,Poor,4,Severe
HH-00026,ENUM-31,HHID-00026,51.33167305074244,-11.27046247381071,4.742142166574638,1.1419414193012698,Urban,CLU-89,Site13,Admin1_A,Admin2_14,yes,36,f,14,2024-01-24,2024-01-29,device-9337,14,divorced,idp_returnee,yes,2023-05-20,food,drinking_water,no,0,0,3,9,Poor,4,Severe
,ENUM-29,HHID-00027,-54.058719211495244,-30.66497915844053,8.620426509893134,0.0,Rural,CLU-16,Site3,Admin1_B,Admin2_1,yes,24,f,3,2024-01-22,2024-01-24,device-5479,3,divorced,refugee,yes,2023-08-19,healthcare,drinking_water,no,0,4,4,20,Poor,3,Moderate
HH-00028,ENUM-41,,2.562198914450093,-81.57345410494575,8.445493985350703,1.2682249123157163,Camp,CLU-82,Site20,Admin1_E,Admin2_5,yes,48,m,8,2024-01-26,2024-01-28,device-7807,8,widowed,idp,yes,2023-08-23,shelter_materials,drinking_water,yes,1,2,2,10,Poor,0,None
HH-00029,ENUM-20,HHID-00029,16.63462239516764,-159.70482120566624,3.1910047324325563,-2.173914057396522,Camp,CLU-38,Site10,Admin1_E,Admin2_1,yes,26,m,15,2024-01-29,2024-02-02,device-8905,15,single,refugee,no,,food,drinking_water,no,0,6,3,21,Poor,2,Moderate
HH-00030,ENUM-18,HHID-00030,-81.63892571040041,131.30005545181916,8.289154741506774,1.847903191688136,Rural,CLU-48,Site8,Admin1_E,Admin2_6,yes,65,m,10,2024-01-25,2024-01-29,device-8736,10,widowed,refugee,no,,drinking_water,food,yes,3,7,4,26,Poor,1,Moderate
HH-00031,ENUM-38,HHID-00031,19.358073342258905,112.64436328682791,0.3700763471549262,1.278269247890009,Rural,CLU-79,Site3,Admin1_E,Admin2_5,yes,34,f,7,2024-01-22,2024-01-24,device-4993,7,widowed,host,,,wash_nfi,drinking_water,yes,5,3,2,12,Poor,5,Severe
HH-00032,ENUM-4,HHID-00032,-59.30565773628753,179.898362383007,5.96269878482053,2.025834458277296,Camp,CLU-29,Site3,Admin1_C,Admin2_2,yes,64,m,2,2024-01-24,2024-01-29,device-8483,2,divorced,refugee,yes,2023-07-11,wash_nfi,drinking_water,no,0,7,5,29,Borderline,3,Moderate
HH-00033,ENUM-23,HHID-00033,-78.29071326264969,178.78926134660594,2.3000883728770303,2.290376685557984,Urban,CLU-29,Site9,Admin1_A,Admin2_2,maybe,69,f,2,2024-01-29,2024-02-03,device-3369,2,single,idp_returnee,no,,shelter_materials,drinking_water,no,0,5,3,19,Poor,1,Moderate
HH-00034,ENUM-33,HHID-00034,80.79939670559997,19.955414016945895,1.205668857772788,1.1815600018338344,Camp,CLU-18,Site5,Admin1_C,Admin2_6,yes,15,m,5,2024-01-29,2024-02-01,device-7284,5,widowed,refugee,yes,2023-05-22,shelter_materials,drinking_water,yes,1,6,2,18,Poor,1,Moderate
HH-00035,ENUM-5,HHID-00035,83.81376595342067,96.83546946498376,0.7695320162920916,1.5338727538133787,Urban,CLU-62,Site13,Admin1_B,Admin2_3,yes,66,f,4,2024-01-28,2024-02-01,device-4122,4,divorced,host,,,healthcare,drinking_water,no,0,3,3,15,Poor,1,Moderate
HH-00036,ENUM-20,HHID-00036,55.51152266096301,160.1156627576741,6.962887758781397,0.8047152333423688,Urban,CLU-20,Site5,Admin1_E,Admin2_15,yes,76,m,6,2024-01-27,2024-02-01,device-9327,6,married,host,,,shelter_materials,drinking_water,no,0,4,0,8,Poor,0,None
HH-00037,ENUM-30,HHID-00037,-35.16952154879328,125.87306064386814,3.3987496376806616,0.9528733738367008,Rural,CLU-59,Site13,Admin1_E,Admin2_7,yes,29,m,2,,2024-01-30,device-3236,2,single,host,yes,,wash_nfi,drinking_water,yes,5,1,2,8,Poor,0,None
HH-00038,ENUM-29,HHID-00038,-72.4190194788509,-90.95468337244884,7.247667715287615,2.2027946349124568,Rural,CLU-96,Site11,Admin1_E,Admin2_3,yes,78,m,10,2024-01-31,2024-02-03,device-2143,10,divorced,refugee,yes,2023-03-11,food,drinking_water,yes,1,0,4,12,Poor,6,Severe
HH-00039,ENUM-3,HHID-00039,33.161944772188235,-17.80411128836633,0.6535634079894237,0.9535958692390674,Camp,CLU-78,Site12,Admin1_B,Admin2_12,yes,61,f,1,2024-01-28,2024-01-31,device-5526,1,married,host,,,wash_nfi,wash_nfi,yes,3,5,1,13,Poor,4,Severe
HH-00040,ENUM-4,HHID-00040,-10.772551126871761,-133.5026105454618,3.152903378306103,1.8129084591676503,Camp,CLU-48,Site4,Admin1_D,Admin2_2,yes,13,m,12,2024-01-29,2024-01-31,device-7798,12,widowed,idp,yes,2023-09-08,healthcare,drinking_water,no,0,6,0,12,Poor,5,Severe
HH-00041,ENUM-24,HHID-00041,-68.03311772793981,163.45836981314005,5.394912923753372,2.272615654306082,Rural,CLU-54,Site3,Admin1_C,Admin2_9,yes,39,f,7,2024-02-04,2024-02-08,device-6568,7,widowed,refugee,no,,shelter_materials,drinking_water,no,0,2,2,10,Poor,5,Severe
HH-00042,ENUM-19,HHID-00042,-0.8681561799713648,38.222868402316806,7.907231648389636,0.7671923077368596,Camp,CLU-90,Site1,Admin1_A,Admin2_15,yes,59,m,15,2024-01-30,2024-02-04,device-9318,15,widowed,host,,,drinking_water,food,yes,5,4,6,26,Poor,2,Moderate
HH-00043,ENUM-5,HHID-00043,-83.81006619926069,-97.68859001875342,3.187525029320699,1.918280549072259,Rural,CLU-71,Site10,Admin1_B,Admin2_2,yes,23,f,7,2024-02-04,2024-02-02,device-5377,7,married,refugee,yes,2023-03-09,healthcare,healthcare,no,0,3,1,9,Poor,3,Moderate
HH-00044,ENUM-42,HHID-00044,73.67767237418076,61.81224638610843,6.2589137643700905,1.1414069592534095,Rural,CLU-61,Site15,Admin1_D,Admin2_6,yes,32,m,10,2024-02-05,2024-02-08,device-1042,10,married,host,,,drinking_water,food,no,0,1,5,138,Poor,3,Moderate
HH-00045,ENUM-6,HHID-00045,-43.41960331199695,42.5261665648425,8.85977748236187,2.9073171880939497,Camp,CLU-97,Site12,Admin1_D,Admin2_10,yes,40,f,11,2024-02-09,2024-02-13,device-5634,33,widowed,idp,yes,2023-10-26,food,drinking_water,yes,4,4,3,17,Poor,3,Moderate
HH-00046,ENUM-40,HHID-00046,29.254011183716756,-51.06142150817743,6.158631881823045,1.7088641167998118,Urban,CLU-69,Site9,Admin1_A,Admin2_10,yes,121,m,9,2024-02-05,2024-02-09,device-5891,9,widowed,idp_returnee,yes,2023-03-19,wash_nfi,drinking_water,no,0,5,4,22,Poor,3,Moderate
HH-00047,ENUM-39,HHID-00047,-33.89200630390603,-139.11926680813355,2.329594747536338,2.5149813744378955,Urban,CLU-86,Site4,Admin1_B,Admin2_15,yes,65,m,5,2024-02-02,2024-02-06,device-9022,5,married,refugee,no,,drinking_water,food,yes,1,2,7,25,Poor,5,Severe
HH-00048,ENUM-33,HHID-00048,3.612243812005943,61.76635041340785,0.2440078155653802,1.8755663553906543,Rural,CLU-28,Site5,Admin1_D,Admin2_8,yes,73,f,12,2024-02-09,2024-02-11,device-3434,12,divorced,refugee,no,,shelter_materials,drinking_water,no,0,0,3,9,Poor,2,Moderate
HH-00049,ENUM-25,HHID-00049,8.407850281790331,7.310772325365576,8.700988739009299,0.6085313321370479,Camp,CLU-98,Site3,Admin1_E,Admin2_12,yes,37,f,10,2024-02-11,2024-02-16,device-8316,10,single,idp_returnee,no,,drinking_water,food,no,0,0,5,15,Poor,3,Moderate
HH-00050,ENUM-30,HHID-00050,-56.72619800540513,98.03462102483013,0.21269410850387138,-2.6808014990450073,Urban,CLU-32,Site6,Admin1_A,Admin2_1,yes,44,m,1,2024-02-05,2024-02-09,,1,widowed,idp_returnee,yes,2024-01-04,healthcare,drinking_water,no,0,4,5,23,Poor,3,Moderate
HH-00413,ENUM-38,HHID-00051,84.52523299762055,7.258860400317616,8.747016726841995,2.8785083555166424,Rural,CLU-88,Site14,Admin1_E,Admin2_7,yes,68,other,13,2024-02-11,2024-02-13,device-8935,13,married,refugee,no,,wash_nfi,drinking_water,no,0,3,2,12,Poor,2,Moderate
HH-00052,ENUM-36,HHID-00052,49.52390820500062,126.78534011467445,5.28937134027212,2.004029550365828,Rural,CLU-97,Site15,Admin1_A,Admin2_11,yes,74,m,14,2024-02-06,2024-02-07,device-6654,14,divorced,idp,yes,2023-06-08,food,drinking_water,yes,0,4,6,26,Poor,5,Severe
HH-00053,ENUM-48,HHID-00053,79.10980948155404,259.99097265489513,9.390676985128962,2.5479721485669753,Camp,CLU-77,Site18,Admin1_C,Admin2_3,yes,39,m,3,2024-02-14,2024-02-17,device-6446,3,divorced,refugee,yes,2023-12-24,healthcare,drinking_water,no,0,6,1,15,Poor,4,Severe
HH-00054,ENUM-3,HHID-00054,71.0689230769768,21.937669752739055,7.987832357736654,2.7105161583710196,Camp,CLU-11,Site18,Admin1_C,Admin2_10,yes,41,f,11,2024-02-11,2024-02-16,device-9903,11,divorced,idp_returnee,no,,shelter_materials,drinking_water,no,0,1,1,5,Poor,0,None
HH-00055,ENUM-29,HHID-00055,17.62199618599533,135.59529695700422,9.979341105333376,1.0701994298723312,Rural,CLU-68,Site17,Admin1_B,Admin2_15,yes,34,f,8,2024-02-17,2024-02-22,device-7180,8,widowed,host,,,drinking_water,food,no,0,0,2,6,Poor,3,Moderate
HH-00056,ENUM-37,HHID-00056,75.93736230416104,-34.74616816353708,3.5071181545171015,1.0301120997705666,Urban,CLU-58,Site14,Admin1_D,Admin2_7,yes,55,m,8,2024-02-17,2024-02-20,device-8460,8,married,idp,yes,2023-12-29,shelter_materials,drinking_water,no,0,5,2,16,Poor,0,None
HH-00057,ENUM-42,HHID-00057,-74.0713496306545,-131.75451775776935,7.671882889311269,2.0274524721274796,Camp,CLU-68,Site4,Admin1_E,Admin2_3,yes,12,m,1,2024-02-14,2024-02-15,device-6272,1,single,refugee,no,,drinking_water,food,yes,2,4,3,17,Poor,0,None
HH-00058,ENUM-13,HHID-00058,-54.72308476455387,-169.63823652719796,4.019309136092422,1.5275711745167617,Camp,CLU-91,Site1,Admin1_D,Admin2_1,yes,47,m,4,2024-02-18,2024-02-20,device-4090,4,married,refugee,yes,2023-05-24,wash_nfi,drinking_water,yes,3,5,3,19,Poor,3,Moderate
HH-00059,ENUM-21,HHID-00059,-81.85908799610314,91.84941204250282,4.798756203039089,2.5996532571668007,Camp,CLU-47,Site3,Admin1_C,Admin2_2,yes,72,m,14,2024-02-13,2024-02-16,device-4912,14,married,host,,,food,drinking_water,yes,1,1,6,20,Poor,4,Severe
HH-00060,ENUM-39,HHID-00060,-31.440540462612418,43.31143848724727,6.275054632183701,2.750057808495028,Urban,CLU-10,Site12,Admin1_E,Admin2_6,yes,25,f,11,2024-02-12,2024-02-06,device-7274,11,divorced,host,,,wash_nfi,drinking_water,no,0,0,5,15,Poor,1,Moderate
HH-00061,ENUM-31,HHID-00061,-20.038087855893238,73.46871651572047,8.736771141863388,0.0,Urban,CLU-73,Site18,Admin1_B,Admin2_4,yes,4,f,15,2024-02-12,2024-02-14,device-4826,15,single,idp,yes,2023-04-30,wash_nfi,drinking_water,yes,3,1,5,17,Poor,1,Moderate
HH-00062,ENUM-33,HHID-00062,-41.15717428069873,-103.33290185679213,9.840834691992951,1.092176397436205,Rural,CLU-15,Site3,Admin1_D,Admin2_4,yes,21,f,13,2024-02-22,2024-02-20,device-7730,13,widowed,idp,yes,2024-01-06,food,drinking_water,no,0,7,6,32,Borderline,6,Severe
HH-00063,ENUM-10,HHID-00063,59.17275164734727,-130.90626878876287,7.682734138645182,2.4513137881096547,Camp,CLU-8,Site20,Admin1_A,Admin2_7,yes,73,f,49,2024-02-16,2024-02-07,device-1715,9,widowed,refugee,no,,shelter_materials,drinking_water,no,0,4,3,17,Poor,3,Moderate
HH-00064,ENUM-4,HHID-00064,-25.784401195153933,-174.76392035956252,4.177667821673338,1.1870150888703401,Urban,CLU-71,Site20,Admin1_A,Admin2_12,yes,11,m,5,2024-02-18,2024-02-19,device-6213,5,divorced,refugee,no,,food,drinking_water,no,0,0,0,180,Poor,2,Moderate
HH-00065,ENUM-29,HHID-00065,-39.43178825627146,-53.78847882962509,4.213570022770702,2.556535796284196,Urban,CLU-65,Site11,Admin1_E,Admin2_9,yes,55,f,4,2024-02-15,2024-02-17,device-8749,4,widowed,idp_returnee,no,,drinking_water,food,yes,3,7,3,23,Poor,6,Severe
HH-00066,ENUM-7,HHID-00066,7.685294968484726,32.370367267667916,7.375823015888915,1.559345634121907,Camp,CLU-26,Site13,Admin1_A,Admin2_12,yes,55,f,1,2024-02-18,2024-02-22,device-7246,42,married,refugee,no,,drinking_water,drinking_water,yes,0,5,4,22,Poor,6,Severe
HH-00067,ENUM-22,HHID-00067,-64.63363950454273,-38.79214376409635,2.3877714576830233,2.168874748228676,Urban,CLU-74,Site1,Admin1_A,Admin2_15,yes,78,f,13,2024-02-17,2024-02-22,device-7325,13,divorced,host,,,wash_nfi,drinking_water,no,0,3,2,12,Poor,5,Severe
HH-00068,ENUM-46,HHID-00068,54.395456535727135,-22.50902807145755,1.1047411313139466,0.7388382845866704,Rural,CLU-69,Site10,Admin1_C,Admin2_12,yes,57,f,10,2024-02-22,2024-02-23,,10,single,idp,no,,healthcare,drinking_water,no,0,3,5,21,Poor,2,Moderate
HH-00069,ENUM-6,HHID-00069,-76.58088413764125,145.49713001774944,3.546221576407765,2.059648311691433,Urban,CLU-20,Site14,Admin1_B,Admin2_9,yes,22,f,9,2024-02-21,2024-02-25,device-9115,9,married,refugee,yes,2023-06-19,drinking_water,drinking_water,yes,0,5,3,19,Poor,4,Severe
HH-00070,ENUM-33,HHID-00070,87.63964858809311,-54.62803187161188,2.8723899165408175,1.629419196843073,Urban,CLU-22,Site13,Admin1_A,Admin2_5,yes,48,m,9,2024-02-25,2024-02-29,device-1606,9,single,idp,no,,wash_nfi,drinking_water,yes,1,4,0,8,Poor,5,Severe
HH-00071,ENUM-42,HHID-00071,-171.47408047278626,5.036216097531877,2.963081204559901,1.9665211579386852,Rural,CLU-42,Site3,Admin1_A,Admin2_11,yes,74,m,12,2024-02-29,2024-03-05,device-3068,12,single,refugee,no,,healthcare,drinking_water,yes,1,4,4,20,Poor,3,Moderate
HH-00072,ENUM-12,HHID-00072,-54.23117732384897,102.11508458681152,2.3360775104990994,0.9200355193621585,Camp,CLU-67,Site18,Admin1_D,Admin2_5,yes,30,f,4,2024-02-24,2024-02-26,device-9229,4,unknown,host,,,food,drinking_water,no,0,2,2,10,Poor,5,Severe
HH-00073,ENUM-3,HHID-00073,-89.00601891775156,-37.24459836434275,0.42093189636361883,2.342184362360455,Urban,CLU-57,Site8,Admin1_E,Admin2_5,yes,50,f,10,2024-02-22,2024-02-26,device-6439,10,single,idp_returnee,no,,healthcare,healthcare,no,0,6,7,33,Borderline,5,Severe
HH-00074,ENUM-16,HHID-00074,56.783057121870144,43.95121208203446,0.1787393473341381,2.6569926938580712,Rural,CLU-15,Site19,Admin1_C,Admin2_4,yes,25,f,3,2024-02-26,2024-03-01,device-2644,3,divorced,host,yes,,shelter_materials,drinking_water,no,0,3,3,15,Poor,2,Moderate
HH-00075,ENUM-46,HHID-00075,140.02164282710885,130.45093514882825,9.877223897360315,1.041849500226939,Camp,CLU-88,Site17,Admin1_E,Admin2_2,yes,73,m,11,2024-02-26,2024-03-01,device-8213,11,divorced,idp,yes,2023-05-01,wash_nfi,drinking_water,no,0,1,1,5,Poor,5,Severe
HH-00076,ENUM-29,HHID-00076,41.22129024737771,161.82742451675114,13.038057292154928,0.7392863888004043,Rural,CLU-27,Site6,Admin1_D,Admin2_1,yes,61,m,1,2024-02-25,2024-02-27,device-2633,1,married,host,,,wash_nfi,drinking_water,yes,5,5,7,31,Borderline,0,None
HH-00077,ENUM-29,HHID-00077,48.82866240347025,-127.05354686554634,3.8432664715968166,,Urban,CLU-92,Site13,Admin1_D,Admin2_7,yes,42,m,6,2024-03-04,2024-03-06,device-9617,6,widowed,host,,,wash_nfi,drinking_water,yes,5,3,1,9,Poor,5,Severe
HH-00078,ENUM-34,HHID-00078,-76.67196268786374,153.57154505813799,6.796472826930699,2.104928751108165,Rural,CLU-75,Site6,Admin1_D,Admin2_10,yes,51,f,4,2024-02-27,2024-02-28,device-8486,4,single,host,,,drinking_water,food,no,0,5,2,16,Poor,3,Moderate
HH-00079,ENUM-34,HHID-00079,-25.47616886203093,-2.8381344913662474,2.1825388786506417,2.0177350902219517,Urban,CLU-63,Site5,Admin1_A,Admin2_9,yes,15,f,11,2024-03-05,2024-03-06,device-1251,11,married,refugee,no,,shelter_materials,drinking_water,no,0,7,6,32,Borderline,3,Moderate
HH-00080,ENUM-40,HHID-00080,-69.14356928547664,-87.03202021237499,9.499611839502254,1.866743531785175,Camp,CLU-12,Site9,Admin1_E,Admin2_14,yes,44,m,1,2024-03-06,2024-03-10,device-3361,1,single,idp_returnee,yes,2023-07-19,healthcare,drinking_water,no,0,1,5,17,Poor,5,Severe
HH-00081,ENUM-11,HHID-00081,65.35861665760683,-14.711127754225942,7.863450144155521,1.0798677402899386,Camp,CLU-66,Site10,Admin1_E,Admin2_8,yes,21,m,3,2024-02-27,2024-02-29,device-7717,3,married,host,,,food,drinking_water,yes,3,2,7,25,Poor,1,Moderate
HH-00082,ENUM-24,HHID-00082,22.193662828960427,172.81172710277173,0.8941100231225951,1.4772649897637866,Rural,CLU-58,Site9,Admin1_E,Admin2_3,yes,73,f,2,,2024-03-08,device-3529,2,single,refugee,no,,healthcare,drinking_water,no,0,6,7,33,Borderline,1,Moderate
HH-00083,ENUM-24,HHID-00083,-30.438355526523146,-2.657486162566954,4.175807757849284,1.9861908379654327,Urban,CLU-8,Site16,Admin1_B,Admin2_1,yes,72,m,5,2024-03-08,2024-03-13,device-2225,40,widowed,idp,no,,shelter_materials,drinking_water,yes,3,6,2,18,Poor,3,Moderate
HH-00084,ENUM-19,,-78.55949694851574,-61.64942029649704,8.791183075621646,1.7419171471479236,Camp,CLU-59,Site5,Admin1_C,Admin2_6,yes,11,f,13,2024-03-01,2024-03-05,device-8692,13,married,refugee,no,,healthcare,healthcare,no,0,1,5,17,Poor,0,None
HH-00085,ENUM-25,HHID-00085,-34.0231820911808,48.02430755402128,9.447320222914103,2.969463800537218,Rural,CLU-17,Site3,Admin1_A,Admin2_1,yes,26,f,7,2024-03-07,2024-03-08,device-5342,7,divorced,refugee,no,,shelter_materials,drinking_water,yes,3,1,5,17,Poor,6,Severe
HH-00086,ENUM-27,HHID-00086,-31.46700203518553,-93.5475772398505,4.674015112498697,0.8410993813918328,Camp,CLU-66,Site6,Admin1_C,Admin2_7,yes,30,f,6,2024-03-03,2024-03-08,device-6546,6,widowed,host,,,drinking_water,food,yes,0,0,7,21,Poor,2,Moderate
HH-00087,ENUM-50,HHID-00087,41.329112100851546,-152.689201880881,6.134113892107077,-1.7297811672311019,Camp,CLU-54,Site14,Admin1_A,Admin2_2,yes,39,f,11,2024-03-03,2024-03-05,device-7512,11,divorced,idp,yes,2023-06-02,shelter_materials,drinking_water,yes,3,6,7,33,Borderline,5,Severe
HH-00088,ENUM-22,HHID-00088,24.760344843938356,-133.60330011216627,1.6703394609207523,1.5107969202607303,Urban,CLU-59,Site9,Admin1_E,Admin2_5,yes,44,f,7,2024-03-08,2024-03-09,device-2315,7,widowed,idp_returnee,yes,2023-12-19,shelter_materials,drinking_water,yes,4,2,7,126,Poor,5,Severe
HH-00089,ENUM-44,HHID-00089,69.69829366373878,-133.90349797520193,9.911686261369766,1.5704990373140368,Camp,CLU-73,Site14,Admin1_B,Admin2_14,yes,127,m,7,2024-03-08,2024-03-12,device-6383,7,divorced,idp,no,,shelter_materials,drinking_water,yes,1,7,4,26,Poor,5,Severe
HH-00090,ENUM-39,HHID-00090,-5.0013134708491265,-125.31503033557404,2.3167170138344337,2.2939944141454407,Camp,CLU-8,Site10,Admin1_B,Admin2_11,yes,75,m,10,2024-03-07,2024-03-09,device-9742,10,widowed,idp,no,,shelter_materials,drinking_water,yes,1,3,6,24,Poor,0,None
HH-00091,ENUM-4,HHID-00091,-68.4730357311057,-130.02221784621236,9.427317741351256,2.231090378310924,Urban,CLU-72,Site16,Admin1_E,Admin2_11,yes,76,m,4,2024-03-14,2024-03-18,device-7226,4,single,idp,no,,healthcare,drinking_water,no,0,7,0,14,Poor,5,Severe
HH-00092,ENUM-41,HHID-00092,38.384061700139114,50.714908129157266,6.496466489923685,0.0,Camp,CLU-60,Site3,Admin1_C,Admin2_10,,47,f,9,2024-03-12,2024-03-17,device-6188,9,divorced,idp,no,,wash_nfi,drinking_water,no,0,1,3,11,Poor,5,Severe
HH-00093,ENUM-42,HHID-00093,46.94130875104153,-114.52316961630787,6.077367948788591,0.8209857236353131,Camp,CLU-87,Site12,Admin1_D,Admin2_8,yes,27,m,40,2024-03-08,2024-03-13,device-8994,1,single,host,,,drinking_water,food,no,0,5,3,19,Poor,5,Severe
HH-00094,ENUM-22,HHID-00094,11.029895562509324,-55.55977800340925,5.126885110165086,0.7602741234604158,Urban,CLU-40,Site9,Admin1_E,Admin2_4,yes,38,m,12,2024-03-16,2024-03-21,device-9864,12,married,refugee,no,,food,drinking_water,no,0,6,3,21,Poor,1,Moderate
HH-00095,ENUM-5,HHID-00095,48.77409239182097,142.84382756616424,2.3066981171775867,2.3108470428218526,Urban,CLU-93,Site8,Admin1_A,Admin2_2,yes,73,m,12,2024-03-11,2024-03-14,device-1588,12,single,idp_returnee,no,,healthcare,drinking_water,no,0,6,7,33,Borderline,2,Moderate
HH-00096,ENUM-22,HHID-00096,-1.1167926544096645,-9.373809505365955,1.7652803200550826,1.9459672925160227,Camp,CLU-3,Site16,Admin1_C,Admin2_1,yes,63,m,2,2024-03-07,2024-03-11,device-2121,2,divorced,idp_returnee,yes,2023-06-20,healthcare,drinking_water,yes,2,4,3,17,Poor,4,Severe
HH-00097,ENUM-7,HHID-00097,4.091909288758927,60.32078586756978,2.2048620907017535,1.1854016663995146,Camp,CLU-51,Site20,Admin1_D,Admin2_4,yes,29,f,15,2024-03-11,2024-03-16,device-4846,15,widowed,refugee,no,,healthcare,healthcare,yes,4,7,6,32,Borderline,3,Moderate
HH-00098,ENUM-36,HHID-00098,-13.042616695461064,-117.96484636741326,1.8643826214425452,0.6985484224724665,Camp,CLU-33,Site20,Admin1_B,Admin2_3,yes,67,m,2,2024-03-08,2024-03-13,device-5708,2,single,idp_returnee,no,,shelter_materials,drinking_water,yes,3,6,3,21,Poor,5,Severe
HH-00099,ENUM-44,HHID-00099,-85.42455718606287,-110.77595322887852,7.795844735667533,0.7141456239910764,Camp,CLU-1,Site7,Admin1_A,Admin2_11,yes,23,f,9,2024-03-14,2024-03-18,device-4727,9,widowed,host,yes,,food,drinking_water,no,0,7,4,26,Poor,1,Moderate
HH-00100,ENUM-25,HHID-00100,-70.57954314120519,-165.28729814406762,3.501252591667301,2.7354771866602956,Rural,CLU-96,Site15,Admin1_B,Admin2_5,yes,49,f,5,2024-03-16,2024-03-21,,5,married,host,,,healthcare,drinking_water,yes,0,7,6,32,Borderline,2,Moderate
HH-00101,ENUM-19,HHID-00101,-84.34274657638784,-292.5442687888128,0.5784267656339637,0.9796683117968572,Camp,CLU-28,Site4,Admin1_A,Admin2_2,yes,39,m,12,2024-03-15,2024-03-19,device-8110,12,married,idp,yes,2023-06-06,healthcare,drinking_water,yes,2,6,6,30,Borderline,1,Moderate
HH-00102,ENUM-17,HHID-00102,24.553874027480475,-79.7074779484949,9.691026301408113,1.3084289052888018,Urban,CLU-75,Site5,Admin1_D,Admin2_8,yes,58,m,14,2024-03-12,2024-03-14,device-2612,14,divorced,idp,yes,2023-10-11,food,drinking_water,no,0,2,2,10,Poor,4,Severe
HH-00103,ENUM-47,HHID-00103,-33.4159234062612,-116.27622566037115,8.837858849634257,1.06664100556747,Urban,CLU-10,Site10,Admin1_A,Admin2_14,yes,29,f,9,2024-03-15,2024-03-19,device-2646,9,widowed,host,,,wash_nfi,drinking_water,no,0,2,5,19,Poor,4,Severe
HH-00104,ENUM-43,HHID-00104,1.542724409646496,-148.06708784746,9.27752283195213,1.3874907645798433,Urban,CLU-6,Site1,Admin1_D,Admin2_2,yes,38,m,15,2024-03-22,2024-03-26,device-8269,15,single,idp_returnee,no,,wash_nfi,drinking_water,yes,0,2,4,16,Poor,5,Severe
HH-00105,ENUM-39,HHID-00105,73.36196530669673,-136.5710864037837,9.949078226464353,0.6735596068652334,Urban,CLU-55,Site13,Admin1_E,Admin2_5,yes,58,m,10,2024-03-18,2024-03-21,device-3725,10,single,host,yes,,drinking_water,food,yes,0,7,1,17,Poor,6,Severe
HH-00106,ENUM-10,HHID-00106,-45.12739875320251,-14.11964350821873,1.738952492194873,1.797649477270676,Camp,CLU-45,Site11,Admin1_E,Admin2_13,yes,21,f,6,2024-03-17,2024-03-19,device-5906,38,married,refugee,yes,2024-01-05,food,drinking_water,no,0,7,2,20,Poor,1,Moderate
HH-00107,ENUM-22,HHID-00107,-16.131073853586642,-105.7198613739147,3.9624201890265875,0.6690314089805373,Camp,CLU-90,Site20,Admin1_A,Admin2_7,maybe,18,f,6,2024-03-25,2024-03-28,device-1474,6,widowed,refugee,no,,food,drinking_water,yes,5,2,1,7,Poor,0,None
HH-00108,ENUM-6,HHID-00108,175.66145070811476,-48.86285002269284,7.582384757040913,2.500891269555904,Rural,CLU-9,Site13,Admin1_C,Admin2_8,yes,46,other,14,2024-03-22,2024-03-27,device-1753,14,widowed,refugee,yes,2023-05-12,shelter_materials,drinking_water,yes,5,1,4,14,Poor,0,None
HH-00109,ENUM-38,HHID-00109,-48.81633021150796,1.2302175077484776,6.960206180537922,1.0842802047760824,Camp,CLU-70,Site11,Admin1_B,Admin2_8,yes,35,m,5,2024-03-22,2024-03-26,device-6314,5,married,host,,,healthcare,drinking_water,yes,3,3,7,27,Poor,6,Severe
HH-00110,ENUM-43,HHID-00110,-76.14361623081726,68.5421383065715,1.5389590633985506,1.8500297865112765,Urban,CLU-8,Site15,Admin1_A,Admin2_15,yes,31,f,4,2024-03-27,2024-03-29,device-1919,4,single,refugee,yes,2024-02-20,wash_nfi,drinking_water,no,0,7,5,29,Borderline,0,None
HH-00111,ENUM-10,HHID-00111,-37.84473847552176,-165.84762965720438,8.158331249906178,2.7001977189036457,Camp,CLU-9,Site11,Admin1_A,Admin2_11,yes,66,m,10,2024-03-25,2024-03-28,device-5806,10,married,idp,yes,2023-07-31,shelter_materials,shelter_materials,no,0,7,3,23,Poor,5,Severe
HH-00112,ENUM-23,HHID-00112,98.12491117451799,107.78774360725538,2.2444057183666066,2.127193422617985,Rural,CLU-61,Site14,Admin1_B,Admin2_5,yes,67,f,4,2024-03-20,2024-03-24,device-6873,4,widowed,idp,yes,2023-10-31,drinking_water,food,yes,3,0,0,0,Poor,5,Severe
HH-00113,ENUM-20,HHID-00113,77.34557742166317,46.04414021672679,2.2381761482262306,1.8323944663783382,Camp,CLU-5,Site20,Admin1_A,Admin2_2,yes,28,m,8,2024-03-23,2024-03-24,device-7141,8,single,refugee,no,,wash_nfi,drinking_water,no,0,2,7,25,Poor,3,Moderate
HH-00114,ENUM-42,HHID-00114,55.461668321595056,-150.56674849840613,5.3697442289341355,1.310834382788439,Camp,CLU-37,Site5,Admin1_B,Admin2_11,yes,54,f,15,2024-03-22,2024-03-25,device-8056,15,married,refugee,yes,2023-12-16,healthcare,drinking_water,no,0,5,5,25,Poor,3,Moderate
HH-00115,ENUM-45,HHID-00115,24.012676171876222,134.48830467843982,5.929399348417031,1.3325047826454948,Urban,CLU-53,Site10,Admin1_D,Admin2_9,yes,66,f,7,2024-03-23,2024-03-25,device-3385,7,widowed,refugee,yes,2023-08-23,drinking_water,food,yes,3,1,6,20,Poor,5,Severe
,ENUM-43,HHID-00116,66.86290623378918,151.51406419145275,5.8008620783781115,2.173717387995475,Rural,CLU-24,Site11,Admin1_C,Admin2_7,yes,28,f,10,2024-03-29,2024-03-20,device-5000,10,widowed,refugee,no,,drinking_water,food,no,0,6,7,33,Borderline,4,Severe
HH-00117,ENUM-26,HHID-00117,54.660973841840615,-158.01193445224905,0.9148683739775487,2.9853484030529187,Camp,CLU-99,Site20,Admin1_E,Admin2_3,yes,49,f,1,2024-03-30,2024-04-02,device-9702,1,divorced,host,,,healthcare,drinking_water,yes,5,1,7,23,Poor,0,None
HH-00118,ENUM-9,HHID-00118,-56.41738940051355,-80.32404666700666,8.774608626303804,2.1545979746234467,Camp,CLU-18,Site7,Admin1_E,Admin2_6,yes,68,m,5,2024-03-26,2024-03-29,device-7751,5,divorced,host,,,shelter_materials,drinking_water,yes,4,1,6,20,Poor,4,Severe
HH-00119,ENUM-39,HHID-00119,70.660619728196,110.23246072550205,2.6560004258870604,1.8944585434250623,Rural,CLU-99,Site16,Admin1_C,Admin2_15,yes,66,m,3,2024-04-01,2024-04-06,device-3950,3,married,idp,no,,healthcare,drinking_water,yes,4,5,6,28,Poor,1,Moderate
HH-00120,ENUM-46,HHID-00120,7.081603544817128,89.37348853811699,1.2951492128280417,2.326626275598115,Camp,CLU-83,Site11,Admin1_B,Admin2_7,yes,67,f,7,2024-03-30,2024-03-31,device-3785,7,single,idp_returnee,yes,2023-10-01,food,drinking_water,yes,5,4,5,23,Poor,3,Moderate
HH-00121,ENUM-6,HHID-00121,55.33922792953126,-113.57243303170416,8.887480798689772,1.6630140307092953,Rural,CLU-94,Site6,Admin1_C,Admin2_6,yes,23,m,9,2024-04-03,2024-04-05,device-3868,9,single,idp,no,,wash_nfi,drinking_water,no,0,0,7,21,Poor,1,Moderate
HH-00122,ENUM-20,HHID-00122,71.29643398622878,-104.6342435987843,9.556514982297534,0.650355856501963,Rural,CLU-83,Site13,Admin1_B,Admin2_3,yes,26,f,2,2024-03-31,2024-04-02,device-2293,2,divorced,host,,,healthcare,healthcare,no,0,2,5,19,Poor,6,Severe
HH-00123,ENUM-36,HHID-00123,-32.7593745050645,-46.630042995102485,8.621276172654506,1.9057420396947746,Urban,CLU-54,Site11,Admin1_C,Admin2_8,yes,57,m,9,2024-03-31,2024-04-02,device-7267,9,widowed,idp,no,,wash_nfi,drinking_water,yes,4,1,4,14,Poor,3,Moderate
HH-00124,ENUM-25,HHID-00124,-70.19065358501818,-5.571725331232329,8.09516074724878,2.8940632112634503,Camp,CLU-48,Site10,Admin1_A,Admin2_1,yes,10,f,2,2024-03-30,2024-04-03,device-4945,2,divorced,idp,yes,2023-10-30,food,drinking_water,yes,2,5,6,28,Poor,2,Moderate
HH-00125,ENUM-42,HHID-00125,-48.9716707424505,42.571717750906544,6.552419806390217,0.9382573558941492,Rural,CLU-49,Site16,Admin1_A,Admin2_5,yes,58,m,9,2024-03-29,2024-03-31,device-9153,9,married,host,,,food,drinking_water,yes,0,4,0,8,Poor,5,Severe
HH-00126,ENUM-22,HHID-00126,-13.120598047273859,-47.19108975488194,5.5085737060913935,2.225012227051664,Rural,CLU-58,Site19,Admin1_C,Admin2_8,yes,9,m,5,2024-04-05,2024-04-07,device-3344,5,divorced,idp_returnee,yes,2023-04-10,food,drinking_water,no,0,5,2,16,Poor,2,Moderate
HH-00127,ENUM-9,HHID-00127,57.24265786604877,-13.487502192066756,0.8698675991141014,1.0023342216476412,Rural,CLU-49,Site8,Admin1_D,Admin2_8,yes,16,f,6,2024-04-05,2024-04-06,device-4804,6,single,host,,,healthcare,drinking_water,no,0,4,7,29,Borderline,4,Severe
HH-00128,ENUM-43,HHID-00128,64.93150498614182,89.08953772815238,4.084532130706987,1.8395692111827031,Urban,CLU-49,Site11,Admin1_C,Admin2_5,yes,45,f,2,2024-03-30,2024-04-03,device-8555,2,married,idp,yes,2024-01-14,shelter_materials,drinking_water,no,0,4,3,17,Poor,8,Severe
HH-00129,ENUM-45,HHID-00129,-88.74861650438568,-166.79404695938476,3.72688517012314,0.741691124116799,Camp,CLU-11,Site13,Admin1_E,Admin2_4,yes,79,m,13,2024-03-30,2024-04-03,device-5161,13,single,host,,,wash_nfi,drinking_water,yes,3,7,4,26,Poor,5,Severe
HH-00130,ENUM-48,HHID-00130,1.9345144639618326,-89.12270003615252,2.5975378376032623,1.6259273406454628,Urban,CLU-88,Site9,Admin1_A,Admin2_14,yes,48,m,9,2024-04-01,2024-04-04,device-8529,9,married,idp_returnee,yes,2024-02-23,healthcare,drinking_water,no,0,0,1,3,Poor,3,Moderate
HH-00131,ENUM-44,HHID-00131,-14.866019433219776,76.80585091843886,7.234201136885849,2.390408322238115,Urban,CLU-85,Site13,Admin1_C,Admin2_5,yes,42,m,5,2024-04-03,2024-04-08,device-5183,5,widowed,idp_returnee,yes,2023-07-03,drinking_water,drinking_water,yes,3,2,5,19,Poor,4,Severe
HH-00132,ENUM-34,HHID-00132,-50.02059411526856,142.27446156739177,4.9587573507877085,1.3689288105974553,Rural,CLU-70,Site12,Admin1_E,Admin2_10,yes,18,m,15,2024-04-11,2024-04-15,device-1153,47,divorced,host,,,shelter_materials,drinking_water,yes,3,2,1,7,Poor,2,Moderate
HH-00133,ENUM-6,HHID-00133,-68.42423387993709,4.203879161639804,0.8104621590764793,2.162279311218045,Rural,CLU-18,Site4,Admin1_A,Admin2_1,yes,20,m,9,2024-04-04,2024-04-08,device-8622,9,single,host,,,wash_nfi,drinking_water,yes,4,6,4,24,Poor,5,Severe
HH-00134,ENUM-42,HHID-00134,-29.22926914734697,11.560854695513626,2.2018320194981134,2.488624901974323,Rural,CLU-84,Site19,Admin1_D,Admin2_3,yes,52,f,14,2024-04-13,2024-04-14,device-5712,14,married,host,,,shelter_materials,shelter_materials,yes,4,0,1,3,Poor,3,Moderate
HH-00135,ENUM-43,HHID-00135,79.72374670425344,-141.41807591768062,6.832587636595959,2.8179445486986316,Rural,CLU-45,Site7,Admin1_D,Admin2_13,yes,30,m,13,2024-04-09,2024-04-11,device-9955,13,divorced,refugee,yes,2023-10-06,healthcare,drinking_water,yes,5,4,4,20,Poor,6,Severe
HH-00136,ENUM-28,HHID-00136,-31.82347223626406,-18.931547943556325,0.7613085949030018,1.0866052046386339,Urban,CLU-16,Site19,Admin1_E,Admin2_12,yes,64,f,10,2024-04-13,2024-04-17,device-3588,10,single,idp,yes,2023-12-23,wash_nfi,drinking_water,no,0,4,3,17,Poor,5,Severe
HH-00137,ENUM-33,HHID-00137,3.382311913805893,11.742215923808345,8.512069140487688,1.4982897895232703,Rural,CLU-23,Site18,Admin1_C,Admin2_11,yes,41,f,5,2024-04-06,2024-04-10,device-2210,5,widowed,idp,yes,2023-07-16,healthcare,drinking_water,no,0,3,1,9,Poor,6,Severe
HH-00138,ENUM-24,HHID-00138,36.54341260113202,-92.71061869149732,4.951465270139743,0.8810400333260435,Camp,CLU-69,Site6,Admin1_A,Admin2_2,yes,78,f,12,2024-04-11,2024-04-16,device-8237,12,married,host,yes,2023-05-25,food,drinking_water,no,0,2,1,7,Poor,0,None
HH-00093,ENUM-2,HHID-00139,-24.54667157172709,-83.07243685822286,4.80586577326648,2.981208755395938,Urban,CLU-51,Site18,Admin1_D,Admin2_2,yes,16,m,8,2024-04-12,2024-04-13,device-6661,8,single,idp,yes,2023-05-20,drinking_water,food,no,0,7,1,17,Poor,0,None
HH-00140,ENUM-24,HHID-00140,84.92077488977293,-44.177701282335846,5.924077846595176,2.8175024198107383,Rural,CLU-68,Site1,Admin1_E,Admin2_11,yes,75,m,7,2024-04-16,2024-04-21,device-5901,7,single,refugee,no,,drinking_water,food,yes,4,0,5,15,Poor,5,Severe
HH-00141,ENUM-20,HHID-00141,83.24051308958002,-172.77436880001852,8.246809659251491,1.849892825701399,Camp,CLU-17,Site15,Admin1_B,Admin2_6,yes,38,f,10,2024-04-15,2024-04-08,device-7951,10,widowed,idp_returnee,yes,2024-03-04,food,drinking_water,no,0,1,0,2,Poor,4,Severe
HH-00142,ENUM-12,HHID-00142,-44.67918675143445,-64.05150039005582,3.4780920790219305,2.605083235941053,Rural,CLU-94,Site7,Admin1_C,Admin2_13,yes,66,m,8,2024-04-16,2024-04-20,device-5097,8,married,host,,,shelter_materials,drinking_water,no,0,5,3,19,Poor,6,Severe
HH-00143,ENUM-14,HHID-00143,-0.495268939370618,-103.87871748124392,6.780161525590636,1.8023949431801054,Camp,CLU-29,Site15,Admin1_B,Admin2_9,yes,71,f,13,2024-04-13,2024-04-14,device-8484,13,divorced,host,,,shelter_materials,shelter_materials,yes,5,1,5,17,Poor,6,Severe
HH-00144,ENUM-22,HHID-00144,-35.84190423298146,-62.100953215950724,5.657319639957911,2.0589642200068994,Rural,CLU-1,Site10,Admin1_C,Admin2_7,yes,51,f,4,2024-04-18,2024-04-21,device-5949,4,single,idp_returnee,yes,2023-07-31,healthcare,drinking_water,no,0,0,3,9,Poor,2,Moderate
HH-00385,ENUM-50,HHID-00145,-38.72871101205583,-136.88563254506957,2.6702827016942132,0.7228110802900416,Rural,CLU-97,Site3,Admin1_A,Admin2_13,yes,30,m,13,2024-04-10,2024-04-13,,13,married,idp_returnee,yes,2023-07-18,drinking_water,food,no,0,6,5,27,Poor,6,Severe
HH-00146,ENUM-32,HHID-00146,-83.3603494761841,140.58982106636216,8.78629986355158,2.38817605124202,Urban,CLU-3,Site14,Admin1_E,Admin2_10,yes,19,m,6,2024-04-21,2024-04-25,device-7302,6,married,idp_returnee,no,,shelter_materials,drinking_water,no,0,7,4,26,Poor,1,Moderate
HH-00147,ENUM-13,HHID-00147,19.721580116381432,33.69328327945752,7.974260216069281,0.8192837090880871,Rural,CLU-39,Site16,Admin1_A,Admin2_4,yes,61,m,13,2024-04-13,2024-04-17,device-8916,13,widowed,refugee,no,,healthcare,drinking_water,yes,3,4,4,20,Poor,2,Moderate
HH-00148,ENUM-15,HHID-00148,0.4822241811950647,64.47683489201626,6.584518346584255,2.565169075631321,Camp,CLU-60,Site5,Admin1_B,Admin2_9,yes,18,f,8,2024-04-22,2024-04-27,device-2747,8,single,host,,,food,drinking_water,no,0,7,4,26,Poor,5,Severe
HH-00149,ENUM-9,HHID-00149,-80.73382477500192,104.10164589864178,8.505817290942419,2.4550702191759646,Camp,CLU-87,Site10,Admin1_E,Admin2_1,yes,58,m,11,2024-04-21,2024-04-26,device-4886,11,divorced,refugee,no,,healthcare,drinking_water,yes,1,5,3,19,Poor,1,Moderate
HH-00150,ENUM-10,HHID-00150,-170.35747985197924,-0.5608083855393886,8.672942009598025,2.271861744357441,Urban,CLU-93,Site8,Admin1_A,Admin2_14,yes,64,f,8,2024-04-18,2024-04-23,device-7248,8,single,host,,,food,drinking_water,no,0,6,2,18,Poor,5,Severe
HH-00151,ENUM-5,HHID-00151,73.48785947399767,-148.70869628852748,7.083629767150348,0.5904009513119053,Rural,CLU-70,Site9,Admin1_A,Admin2_7,yes,33,f,15,2024-04-25,2024-04-27,device-6881,15,single,invalid_status,yes,2024-01-16,drinking_water,food,no,0,7,4,26,Poor,3,Moderate
HH-00152,ENUM-19,HHID-00152,-46.878859679944966,13.35835505467719,8.37013328363672,1.2578208898633214,Urban,CLU-55,Site5,Admin1_A,Admin2_14,yes,32,f,10,2024-04-20,2024-04-24,device-5847,10,divorced,refugee,no,,drinking_water,food,no,0,2,0,4,Poor,5,Severe
HH-00153,ENUM-7,HHID-00153,-63.91892302357984,31.262802487516495,6.974714616692836,1.1577814247771072,Rural,CLU-69,Site14,Admin1_B,Admin2_9,yes,62,m,14,2024-04-17,2024-04-19,device-5837,14,married,idp,no,,shelter_materials,drinking_water,no,0,2,4,127,Poor,2,Moderate
HH-00154,ENUM-33,HHID-00154,-1.898503150038664,88.35821070635882,6.801407717603004,1.4003410186787977,Urban,CLU-49,Site13,Admin1_A,Admin2_7,,74,f,1,2024-04-21,2024-04-24,device-1359,1,single,host,,,healthcare,healthcare,yes,5,7,4,26,Poor,10,None
HH-00155,ENUM-50,HHID-00155,87.41708173990813,-24.602563357315432,6.186113782151843,0.7191068669095964,Rural,CLU-30,Site3,Admin1_D,Admin2_9,yes,17,m,8,2024-04-23,2024-04-27,device-7484,8,married,idp_returnee,no,,drinking_water,food,yes,0,7,5,29,Borderline,1,Moderate
HH-00156,ENUM-35,,-46.43005112792993,-134.07109099359704,7.527166395576412,2.842394557577657,Rural,CLU-32,Site15,Admin1_C,Admin2_11,yes,37,m,2,2024-04-20,2024-04-24,device-5497,2,widowed,idp_returnee,no,,wash_nfi,drinking_water,yes,4,7,6,32,Borderline,6,Severe
HH-00157,ENUM-48,HHID-00157,30.98439853305814,-77.8406739124592,1.586051052930737,1.8845056017809407,Urban,CLU-59,Site20,Admin1_D,Admin2_14,yes,26,m,5,2024-04-26,2024-04-27,device-1132,5,married,refugee,no,,shelter_materials,drinking_water,yes,0,2,6,22,Poor,3,Moderate
HH-00158,ENUM-34,HHID-00158,47.09153075916916,-49.29037329649137,8.808707591989284,1.2638107766450588,Urban,CLU-45,Site16,Admin1_B,Admin2_15,yes,24,m,2,2024-04-19,2024-04-23,device-1803,2,divorced,idp,yes,2023-08-26,wash_nfi,drinking_water,no,0,5,0,10,Poor,0,None
HH-00159,ENUM-3,HHID-00159,-47.22524208136806,52.530206879376436,8.71843527745232,1.4924537926857084,Urban,CLU-20,Site19,Admin1_B,Admin2_8,yes,42,f,7,2024-04-24,2024-04-27,device-9138,7,divorced,idp,yes,2023-12-22,healthcare,drinking_water,no,0,1,7,23,Poor,0,None
HH-00160,ENUM-43,HHID-00160,41.07894275013473,25.48018968080828,0.29247283034559146,1.618006351262089,Urban,CLU-36,Site13,Admin1_A,Admin2_10,yes,50,f,11,2024-04-29,2024-05-03,device-5689,11,widowed,host,,,wash_nfi,drinking_water,no,0,6,2,18,Poor,0,None
HH-00161,ENUM-22,HHID-00161,-23.799036110534416,-51.80517867677534,8.258167505647627,2.001485833401543,Rural,CLU-25,Site18,Admin1_E,Admin2_15,yes,55,m,46,2024-04-24,2024-04-26,device-4770,13,unknown,host,,,healthcare,drinking_water,no,0,6,6,30,Borderline,6,Severe
HH-00162,ENUM-50,HHID-00162,23.815049506844304,175.1454895654727,1.288698674734452,1.7891985692412444,Rural,CLU-93,Site17,Admin1_D,Admin2_4,yes,14,f,4,2024-04-30,2024-05-04,device-6772,4,single,host,,,shelter_materials,drinking_water,yes,3,3,3,15,Poor,5,Severe
HH-00163,ENUM-40,HHID-00163,24.035347936961045,38.07893496847939,3.351188542591419,2.7984799330360435,Camp,CLU-98,Site14,Admin1_B,Admin2_8,yes,28,m,11,2024-04-24,2024-04-26,device-4588,11,widowed,refugee,no,,healthcare,drinking_water,yes,4,6,3,21,Poor,3,Moderate
HH-00164,ENUM-9,HHID-00164,6.439443133456521,-94.59835497504199,7.435082562916078,1.7424087072645755,Rural,CLU-15,Site18,Admin1_C,Admin2_5,yes,22,m,12,2024-05-04,2024-05-09,device-4115,12,divorced,idp_returnee,yes,2023-09-28,drinking_water,food,no,0,5,3,19,Poor,4,Severe
HH-00165,ENUM-39,HHID-00165,-73.7478413902065,-143.35830985665467,1.607598960483082,2.9803950370582815,Urban,CLU-5,Site2,Admin1_B,Admin2_2,yes,70,f,4,2024-04-28,2024-05-03,device-5106,4,married,refugee,no,,shelter_materials,drinking_water,no,0,0,7,21,Poor,3,Moderate
HH-00166,ENUM-25,HHID-00166,60.35444920606284,-124.97070989364047,8.179670241190621,2.6285623943627394,Urban,CLU-85,Site12,Admin1_D,Admin2_7,yes,20,f,13,2024-05-05,2024-05-06,,13,divorced,idp_returnee,no,,wash_nfi,drinking_water,yes,2,7,3,23,Poor,5,Severe
HH-00167,ENUM-10,HHID-00167,-32.25958830508755,-91.45521778157708,8.32134177957742,1.0212762858933395,Rural,CLU-54,Site18,Admin1_C,Admin2_15,yes,37,f,6,2024-05-04,2024-05-08,device-2591,6,single,idp_returnee,no,,wash_nfi,drinking_water,no,0,4,7,29,Borderline,2,Moderate
HH-00168,ENUM-11,HHID-00168,-56.426668128026236,-122.15470562655996,5.074677337608362,2.8264880366097906,Camp,CLU-79,Site20,Admin1_C,Admin2_14,yes,78,f,7,2024-05-05,2024-05-10,device-1645,7,widowed,idp_returnee,yes,2023-05-21,drinking_water,food,no,0,1,7,23,Poor,5,Severe
HH-00169,ENUM-12,HHID-00169,-82.6604745201425,-112.83587134152992,0.0638587171683358,0.7909159947136902,Camp,CLU-99,Site3,Admin1_A,Admin2_12,yes,36,m,6,2024-04-30,2024-05-05,device-6061,6,widowed,idp,no,,shelter_materials,drinking_water,no,0,2,5,19,Poor,3,Moderate
HH-00170,ENUM-45,HHID-00170,16.36072977388352,-77.36573927021504,2.870381331749128,2.543624271227979,Rural,CLU-3,Site4,Admin1_E,Admin2_1,yes,47,f,9,2024-04-30,2024-05-01,device-8222,9,divorced,refugee,no,,food,drinking_water,yes,4,0,1,3,Poor,1,Moderate
HH-00171,ENUM-50,HHID-00171,31.961585131610832,-117.58550569388827,6.169269183757422,1.45155823369145,Urban,CLU-31,Site8,Admin1_C,Admin2_9,yes,64,m,9,2024-05-04,2024-05-05,device-1546,9,widowed,refugee,yes,2023-08-11,wash_nfi,drinking_water,yes,0,4,5,23,Poor,1,Moderate
HH-00172,ENUM-40,HHID-00172,-87.01419079298589,142.83555286551308,9.811861780274235,2.6949358011126736,Urban,CLU-27,Site12,Admin1_A,Admin2_10,yes,51,m,1,2024-05-01,2024-05-05,device-6977,1,married,refugee,no,,drinking_water,food,no,0,1,3,11,Poor,2,Moderate
HH-00173,ENUM-11,HHID-00173,2.1767504938705713,-151.1158515618088,6.3181352701666835,2.6701417252686257,Rural,CLU-9,Site6,Admin1_E,Admin2_15,yes,56,f,12,,2024-05-10,device-3153,12,married,idp,yes,2023-05-20,food,drinking_water,yes,2,1,6,20,Poor,1,Moderate
HH-00174,ENUM-47,HHID-00174,-49.230760464371166,8.824100245291675,2.5980358106415977,,Camp,CLU-13,Site20,Admin1_A,Admin2_9,yes,51,f,14,2024-05-09,2024-05-13,device-2476,14,divorced,idp,no,,shelter_materials,drinking_water,yes,5,3,6,24,Poor,5,Severe
HH-00175,ENUM-29,HHID-00175,26.131102273700975,-32.25714228372186,6.340057030996114,2.4750760907676534,Rural,CLU-77,Site2,Admin1_B,Admin2_13,yes,39,m,5,2024-05-01,2024-05-03,device-5835,5,divorced,idp_returnee,yes,2024-04-01,healthcare,drinking_water,no,0,0,3,9,Poor,1,Moderate
HH-00176,ENUM-3,HHID-00176,-58.61404277910154,173.6563020870983,5.3998537971585545,1.261697847745102,Rural,CLU-5,Site19,Admin1_B,Admin2_10,yes,45,m,4,2024-05-11,2024-05-12,device-6352,4,widowed,idp,no,,food,drinking_water,no,0,3,7,27,Poor,1,Moderate
HH-00177,ENUM-27,HHID-00177,34.36879285844387,-139.66599521950116,7.798453951511436,0.7022982076281304,Rural,CLU-58,Site13,Admin1_E,Admin2_11,yes,74,m,5,2024-05-08,2024-05-11,device-7807,5,divorced,host,,,shelter_materials,drinking_water,no,0,7,7,35,Borderline,3,Moderate
HH-00178,ENUM-24,HHID-00178,-20.38763766590327,-36.771984343533006,1.069806388269584,1.5074504469129035,Rural,CLU-77,Site11,Admin1_A,Admin2_10,yes,61,f,2,2024-05-10,2024-05-14,device-3877,2,married,host,,,food,drinking_water,yes,3,0,0,0,Poor,1,Moderate
HH-00179,ENUM-44,HHID-00179,78.61139797261222,169.0093559791328,7.61027902502028,0.9338112874662716,Urban,CLU-87,Site14,Admin1_D,Admin2_3,yes,26,f,7,,2024-05-07,device-4289,7,single,host,,,drinking_water,food,no,0,1,5,17,Poor,4,Severe
HH-00180,ENUM-47,HHID-00180,-65.2462300537212,131.58256532183287,5.412665786761103,2.2373777222561544,Urban,CLU-91,Site4,Admin1_A,Admin2_2,yes,39,m,11,2024-05-06,2024-05-08,device-3165,11,married,refugee,yes,2023-05-21,shelter_materials,drinking_water,yes,3,2,2,10,Poor,0,None
HH-00181,ENUM-16,HHID-00181,-28.60805681095347,114.14594554174079,9.629920038589946,1.365249316344464,Rural,CLU-7,Site1,Admin1_D,Admin2_13,yes,75,f,12,2024-05-11,2024-05-15,device-9837,12,widowed,host,,,shelter_materials,drinking_water,no,0,0,2,6,Very Poor,3,Moderate
HH-00182,ENUM-29,HHID-00182,-69.57476617669397,-87.15498226382167,3.418721660386861,2.939025502149787,Camp,CLU-32,Site4,Admin1_C,Admin2_8,yes,49,f,14,2024-05-10,2024-05-13,device-6994,14,divorced,idp,no,,healthcare,drinking_water,no,0,4,4,20,Poor,4,Severe
HH-00183,ENUM-40,HHID-00183,76.44485129014129,-118.48046853957631,6.326218931339481,-0.14094535717194656,Rural,CLU-95,Site9,Admin1_C,Admin2_3,yes,40,f,6,2024-05-10,2024-05-13,device-9697,6,divorced,refugee,yes,2024-03-05,shelter_materials,drinking_water,no,0,3,0,6,Poor,6,Severe
HH-00184,ENUM-19,HHID-00184,67.9210836085766,60.71155917279515,9.320281055100175,2.556201409085902,Urban,CLU-6,Site8,Admin1_C,Admin2_3,yes,66,m,2,2024-05-08,2024-05-12,device-9221,2,divorced,refugee,yes,2023-09-24,drinking_water,drinking_water,no,0,3,7,27,Poor,1,Moderate
HH-00185,ENUM-49,HHID-00185,-43.57050701127199,154.57535608593088,1.0250972799067926,0.8313116818546211,Urban,CLU-52,Site17,Admin1_A,Admin2_4,yes,30,f,9,2024-05-11,2024-05-14,device-5465,9,widowed,host,,,shelter_materials,drinking_water,no,0,7,5,29,Borderline,1,Moderate
HH-00186,ENUM-48,HHID-00186,28.79712828615223,229.9203767094841,9.372284872364512,2.655036205681556,Camp,CLU-57,Site17,Admin1_E,Admin2_13,yes,28,f,15,2024-05-18,2024-05-22,device-3695,15,single,idp_returnee,no,,shelter_materials,drinking_water,yes,0,1,5,17,Poor,1,Moderate
HH-00187,ENUM-29,HHID-00187,57.09999603621884,25.78056820916396,6.878857223008134,2.806892976283486,Rural,CLU-30,Site18,Admin1_D,Admin2_4,yes,78,f,3,2024-05-11,2024-05-14,device-5210,3,widowed,idp_returnee,yes,2023-10-24,wash_nfi,drinking_water,yes,3,5,3,197,Poor,0,None
HH-00188,ENUM-15,HHID-00188,9.936146087903225,-79.20752628229769,0.678370591051719,1.7176547970473397,Urban,CLU-70,Site19,Admin1_A,Admin2_3,yes,76,m,8,2024-05-11,2024-05-12,device-8894,8,married,idp,yes,2023-07-15,drinking_water,food,no,0,6,6,30,Borderline,5,Severe
HH-00189,ENUM-35,HHID-00189,5.337104104081163,97.01745594909727,3.0096356694681625,2.0156323443774435,Urban,CLU-28,Site19,Admin1_C,Admin2_1,yes,76,f,6,2024-05-18,2024-05-08,device-5835,6,single,host,,,wash_nfi,drinking_water,yes,4,0,6,18,Poor,1,Moderate
HH-00190,ENUM-16,HHID-00190,-46.4665876379187,-112.66425051929158,7.081720886452816,2.4120245022574887,Rural,CLU-97,Site8,Admin1_B,Admin2_7,yes,69,m,6,2024-05-13,2024-05-14,device-6549,6,divorced,idp,no,,food,drinking_water,no,0,7,6,32,Borderline,6,Severe
HH-00191,ENUM-20,HHID-00191,-73.24150179493815,-63.47547489447227,0.673506014687717,0.9370965681510314,Rural,CLU-100,Site15,Admin1_C,Admin2_2,yes,43,f,4,2024-05-21,2024-05-26,device-2886,4,married,host,yes,,food,drinking_water,no,0,0,4,12,Poor,6,Severe
HH-00192,ENUM-31,HHID-00192,71.49883643159882,-26.842882098089973,5.8217046017627325,1.7564151911586061,Camp,CLU-8,Site12,Admin1_E,Admin2_11,yes,19,m,15,2024-05-15,2024-05-16,device-8673,15,divorced,idp_returnee,yes,2024-03-30,drinking_water,food,no,0,5,5,25,Poor,1,Moderate
HH-00193,ENUM-13,HHID-00193,72.07525028939949,2.7397363264038006,27.332939443892293,1.4966575694307829,Camp,CLU-18,Site13,Admin1_C,Admin2_7,yes,137,m,10,2024-05-16,2024-05-19,device-2233,10,single,host,,,wash_nfi,drinking_water,no,0,6,0,12,Poor,2,Moderate
HH-00194,ENUM-24,HHID-00194,23.95826230918823,-92.73249633057111,6.209155177674771,0.8659349804056228,Camp,CLU-65,Site15,Admin1_E,Admin2_4,yes,32,m,5,2024-05-25,2024-05-27,device-3306,5,widowed,idp_returnee,yes,2023-11-26,food,drinking_water,yes,5,2,0,4,Poor,6,Severe
HH-00195,ENUM-44,HHID-00195,-28.97463761123388,-138.65874309388673,0.4574203381251285,1.4188360557288286,Rural,CLU-38,Site19,Admin1_B,Admin2_14,yes,14,m,3,2024-05-22,2024-05-23,device-4696,3,married,idp_returnee,yes,2023-09-17,wash_nfi,drinking_water,yes,2,6,2,18,Poor,3,Moderate
HH-00196,ENUM-37,HHID-00196,-27.14227656972104,39.82321527898773,8.715368061523762,0.6704307734637339,Rural,CLU-30,Site17,Admin1_D,Admin2_11,yes,26,m,12,2024-05-24,2024-05-21,device-7511,12,widowed,idp_returnee,yes,2023-12-08,shelter_materials,shelter_materials,yes,3,0,2,6,Poor,3,Moderate
HH-00197,ENUM-29,HHID-00197,40.6720221966431,-76.09300083350792,9.734889691773969,0.5645297673737175,Camp,CLU-94,Site5,Admin1_C,Admin2_3,yes,31,m,11,2024-05-19,2024-05-20,device-6992,11,married,host,,,shelter_materials,drinking_water,no,0,5,5,25,Poor,5,Severe
HH-00198,ENUM-30,HHID-00198,71.47984679146387,29.245759712140426,9.688778552856915,0.8379157228870568,Urban,CLU-74,Site12,Admin1_E,Admin2_14,yes,64,m,15,2024-05-21,2024-05-23,device-2479,15,divorced,host,,,shelter_materials,drinking_water,yes,5,6,6,30,Borderline,4,Severe
HH-00199,ENUM-50,HHID-00199,69.67555636772113,-124.42942250128718,7.496518317429247,2.9077877789729345,Urban,CLU-41,Site1,Admin1_D,Admin2_10,yes,19,f,15,2024-05-26,2024-05-28,device-7464,15,divorced,idp_returnee,no,,shelter_materials,drinking_water,yes,3,4,6,26,Poor,0,None
HH-00200,ENUM-19,HHID-00200,50.37759825437229,-6.789563332265715,1.3008624013063197,1.8738238397375424,Rural,CLU-74,Site16,Admin1_B,Admin2_5,yes,55,m,4,2024-05-28,2024-05-29,device-1228,4,widowed,idp_returnee,no,,shelter_materials,drinking_water,no,0,1,3,11,Poor,6,Severe
HH-00201,ENUM-50,HHID-00201,25.565696307771802,11.732195718570921,7.582631959290226,2.91455540288305,Urban,CLU-77,Site4,Admin1_E,Admin2_6,,50,m,8,2024-05-26,2024-05-31,device-5332,8,divorced,refugee,yes,2023-06-18,drinking_water,food,yes,0,1,6,20,Poor,5,Severe
HH-00202,ENUM-25,HHID-00202,-74.85480630089121,-161.3435267439263,0.2458691645880151,1.58124469582533,Rural,CLU-99,Site10,Admin1_B,Admin2_15,yes,28,f,12,2024-05-23,2024-05-25,,12,single,host,,,wash_nfi,drinking_water,no,0,1,1,5,Poor,1,Moderate
HH-00203,ENUM-33,HHID-00203,-60.90683146296952,-58.822459850188594,0.22123551528997254,1.279540332713149,Camp,CLU-87,Site14,Admin1_B,Admin2_12,yes,25,m,4,2024-05-29,2024-05-31,device-3024,4,single,idp,no,,wash_nfi,drinking_water,no,0,2,6,22,Poor,0,None
HH-00204,ENUM-34,HHID-00204,71.73975393487427,-131.61071630196926,3.2361021914954122,1.7653546571006102,Rural,CLU-42,Site3,Admin1_A,Admin2_15,yes,7,m,4,2024-05-25,2024-05-27,device-8451,4,single,idp,yes,2023-07-23,shelter_materials,drinking_water,yes,1,4,3,17,Poor,2,Moderate
HH-00205,ENUM-27,HHID-00205,19.157230738726184,-157.18501062980363,4.886431904046658,1.5987792215822754,Rural,CLU-31,Site4,Admin1_D,Admin2_13,yes,63,m,12,2024-05-26,2024-05-30,device-7038,12,single,idp_returnee,yes,2023-07-07,food,food,yes,2,2,7,25,Poor,0,None
HH-00206,ENUM-11,HHID-00206,-88.34453070900666,176.38568366038027,7.704074178077932,0.7641617106543598,Rural,CLU-39,Site5,Admin1_A,Admin2_2,yes,59,f,4,2024-05-29,2024-05-30,device-5295,4,married,idp_returnee,yes,2024-01-14,drinking_water,food,yes,5,2,1,7,Poor,3,Moderate
HH-00207,ENUM-13,HHID-00207,-71.73512228411423,-63.952615809099726,6.832953766065052,,Urban,CLU-19,Site12,Admin1_B,Admin2_2,yes,68,f,14,2024-06-03,2024-06-08,device-7242,14,married,refugee,no,,food,drinking_water,yes,1,4,5,23,Poor,0,None
HH-00208,ENUM-39,HHID-00208,29.430318439450048,111.55480050766857,4.459027063767484,1.040095456273999,Rural,CLU-85,Site10,Admin1_E,Admin2_7,yes,20,m,5,2024-06-03,2024-06-05,device-7086,5,single,refugee,no,,wash_nfi,drinking_water,yes,3,1,7,23,Poor,2,Moderate
HH-00209,ENUM-9,HHID-00209,-89.08891490768063,-88.32936428504502,2.736266662816659,2.048969887244574,Urban,CLU-67,Site11,Admin1_C,Admin2_9,yes,11,m,4,2024-05-30,2024-06-03,device-2775,4,married,host,,,shelter_materials,drinking_water,no,0,2,4,16,Poor,0,None
HH-00210,ENUM-17,HHID-00210,-61.054550744850246,65.34098000061454,9.971245001577111,2.1255027309953833,Camp,CLU-29,Site15,Admin1_A,Admin2_7,yes,74,m,4,2024-06-02,2024-06-05,device-4830,4,single,idp,yes,2024-03-23,shelter_materials,drinking_water,no,0,4,1,11,Poor,2,Moderate
HH-00211,ENUM-4,HHID-00211,8.772082085985502,93.68202956028716,4.261813022359729,0.8800621328216203,Camp,CLU-53,Site7,Admin1_C,Admin2_9,yes,58,m,4,2024-06-04,2024-06-07,device-8724,4,widowed,refugee,no,,healthcare,drinking_water,no,0,6,2,18,Poor,0,None
HH-00212,ENUM-42,HHID-00212,34.54113558468478,34.42994661882395,4.513870243296755,0.6533740677766704,Urban,CLU-39,Site17,Admin1_A,Admin2_6,yes,34,m,14,2024-06-03,2024-06-05,device-1410,14,married,idp,no,,healthcare,drinking_water,no,0,2,1,7,Poor,4,Severe
HH-00213,ENUM-31,HHID-00213,27.3530267104681,-10.23257212194298,1.6362382119166918,2.4519039651710997,Rural,CLU-36,Site16,Admin1_D,Admin2_14,yes,67,f,4,2024-05-29,2024-06-03,device-6374,4,single,refugee,yes,2023-06-17,shelter_materials,drinking_water,yes,2,0,2,6,Poor,1,Moderate
HH-00214,ENUM-24,HHID-00214,-49.63152429709924,-31.737270906983326,7.948095487499294,1.6495010594233004,Camp,CLU-8,Site12,Admin1_C,Admin2_5,yes,52,m,14,2024-06-01,2024-06-06,device-4626,14,single,idp_returnee,no,,food,drinking_water,no,0,5,0,10,Poor,3,Moderate
HH-00215,ENUM-36,HHID-00215,38.19225984255647,-54.40742404452169,6.936822257814886,0.6454094887636894,Rural,CLU-72,Site16,Admin1_A,Admin2_9,yes,15,m,10,2024-06-01,2024-06-02,device-2035,10,widowed,refugee,no,,drinking_water,food,yes,3,2,7,25,Poor,3,Moderate
HH-00216,ENUM-7,HHID-00216,-47.295164250575986,154.63049192921733,2.207696127887604,2.9871657929244178,Urban,CLU-76,Site4,Admin1_B,Admin2_8,yes,21,f,6,2024-05-31,2024-06-02,device-8606,6,widowed,refugee,no,,food,drinking_water,no,0,0,0,0,Poor,5,Severe
HH-00217,ENUM-46,HHID-00217,-31.428054331331808,119.02298680358251,0.823810456158427,0.6444514024909166,Rural,CLU-95,Site15,Admin1_E,Admin2_15,yes,56,f,3,,2024-06-08,device-5951,3,divorced,host,,,food,food,no,0,0,2,6,Poor,9,Severe
HH-00218,ENUM-34,HHID-00218,44.36845292124434,167.40968783994452,6.804993020747131,2.237588072146383,Camp,CLU-23,Site15,Admin1_B,Admin2_14,yes,21,f,13,2024-05-31,2024-06-01,device-7689,13,single,idp_returnee,no,,wash_nfi,wash_nfi,yes,1,4,3,17,Poor,0,None
HH-00219,ENUM-8,HHID-00219,26.93392182849864,-135.2529995452039,6.545112142811353,-1.346625996061332,Rural,CLU-81,Site11,Admin1_D,Admin2_1,yes,60,f,2,2024-06-10,2024-06-15,device-2911,2,divorced,idp_returnee,yes,2023-11-22,food,drinking_water,yes,4,6,1,15,Poor,0,None
HH-00220,ENUM-19,HHID-00220,62.86021388895202,83.11229107331195,2.7325952699820935,1.0979502605398141,Camp,CLU-87,Site3,Admin1_D,Admin2_13,yes,24,f,2,2024-06-10,2024-06-11,device-3290,2,married,host,,,food,drinking_water,no,0,1,6,20,Poor,0,None
HH-00221,ENUM-6,HHID-00221,28.37032061406181,157.80256445557364,9.508635622504103,0.8556234217179904,Rural,CLU-55,Site10,Admin1_A,Admin2_12,yes,59,f,15,2024-06-06,2024-06-09,device-1742,15,single,idp,yes,2024-04-09,wash_nfi,drinking_water,no,0,5,4,22,Poor,2,Moderate
HH-00222,ENUM-49,HHID-00222,12.29554860038489,-114.75609618036235,1.5105789178090023,0.8034623485560722,Camp,CLU-72,Site2,Admin1_B,Admin2_10,yes,71,f,2,2024-06-12,2024-06-17,device-1609,2,single,idp_returnee,yes,2023-08-24,wash_nfi,drinking_water,yes,1,2,3,13,Poor,6,Severe
HH-00223,ENUM-11,HHID-00223,-73.13854179094335,-156.0613437479601,4.323348010426019,,Camp,CLU-64,Site4,Admin1_C,Admin2_10,yes,13,m,11,2024-06-07,2024-06-11,device-5986,11,married,idp_returnee,no,,wash_nfi,drinking_water,no,0,6,3,21,Poor,0,None
HH-00224,ENUM-18,HHID-00224,-23.811155449301964,86.80343374442128,9.436159201675988,0.7526145275266167,Camp,CLU-7,Site1,Admin1_A,Admin2_9,yes,21,f,11,2024-06-05,2024-06-09,device-9071,11,widowed,host,,,wash_nfi,drinking_water,no,0,5,4,22,Poor,5,Severe
HH-00225,ENUM-29,HHID-00225,-42.26357381728942,26.81032074476829,4.197273169261223,2.23040335423533,Urban,CLU-45,Site11,Admin1_A,Admin2_13,yes,62,m,8,2024-06-06,2024-06-08,device-2902,8,single,idp,no,,wash_nfi,drinking_water,yes,4,4,1,11,Poor,4,Severe
HH-00226,ENUM-33,HHID-00226,-46.08186419176496,123.05835963297795,6.385259476640855,0.6557294953251567,Urban,CLU-83,Site4,Admin1_B,Admin2_7,yes,25,m,10,2024-06-16,2024-06-17,device-2592,10,widowed,idp_returnee,yes,2023-11-13,drinking_water,food,yes,5,6,7,33,Borderline,6,Severe
HH-00227,ENUM-10,HHID-00227,-173.079310901152,-129.6819444145358,3.9759439796279428,1.7735553203744743,Urban,CLU-86,Site6,Admin1_E,Admin2_2,yes,44,m,1,2024-06-07,2024-06-12,device-4846,1,single,host,,,healthcare,drinking_water,yes,2,1,0,2,Poor,0,None
HH-00228,ENUM-28,HHID-00228,-19.24240955998313,106.29623226956045,2.7421520234867005,2.991742134632442,Rural,CLU-49,Site8,Admin1_D,Admin2_7,yes,46,m,13,2024-06-10,2024-06-05,device-9807,13,divorced,invalid_status,no,,healthcare,drinking_water,yes,4,0,5,15,Poor,0,None
HH-00229,ENUM-6,HHID-00229,70.5683799318804,-107.41416478281197,9.839776479598282,2.534925673765047,Rural,CLU-68,Site17,Admin1_C,Admin2_3,yes,42,m,32,2024-06-09,2024-06-10,device-3222,14,widowed,refugee,no,,drinking_water,food,yes,5,3,0,6,Poor,1,Moderate
HH-00230,ENUM-15,HHID-00230,23.60495267950732,-121.08386056834638,4.09334006315043,2.038048595577527,Rural,CLU-41,Site6,Admin1_D,Admin2_3,yes,25,f,9,2024-06-09,2024-06-12,device-7367,9,divorced,idp,no,,drinking_water,food,no,0,3,2,12,Poor,4,Severe
HH-00231,ENUM-29,HHID-00231,53.06603463749673,-120.86431274484255,8.940992036791345,1.2656340519665292,Camp,CLU-90,Site18,Admin1_A,Admin2_10,yes,53,m,1,2024-06-15,2024-06-20,device-8432,1,single,refugee,no,,food,drinking_water,yes,5,3,5,21,Poor,6,Severe
HH-00232,ENUM-23,HHID-00232,0.47467675893457795,113.24689928329758,2.299546058910862,2.0597395907290963,Rural,CLU-54,Site6,Admin1_E,Admin2_10,yes,34,f,14,2024-06-11,2024-06-12,device-7078,14,divorced,idp,yes,2024-04-16,drinking_water,food,no,0,7,6,32,Borderline,0,None
HH-00233,ENUM-2,HHID-00233,13.842699232744636,59.470999450632036,2.131047040250833,1.8176036597791292,Urban,CLU-53,Site11,Admin1_A,Admin2_10,yes,48,f,8,2024-06-19,2024-06-24,device-9850,8,single,host,,,healthcare,drinking_water,yes,3,6,6,30,Borderline,3,Moderate
HH-00234,ENUM-27,HHID-00234,-1.346815112604503,8.30355291688295,0.3113408288451136,1.5652084597259286,Urban,CLU-20,Site18,Admin1_E,Admin2_13,yes,62,m,6,2024-06-15,2024-06-16,device-7866,6,single,idp_returnee,yes,2024-03-21,shelter_materials,shelter_materials,yes,1,1,2,8,Poor,4,Severe
HH-00235,ENUM-4,,-54.85626219635199,-50.82102571553909,6.5166682537588505,0.8267759418504987,Camp,CLU-39,Site14,Admin1_B,Admin2_2,yes,27,f,10,2024-06-16,2024-06-19,device-3531,10,divorced,idp_returnee,no,,shelter_materials,drinking_water,no,0,4,1,11,Poor,4,Severe
HH-00236,ENUM-26,HHID-00236,40.041380747070946,135.79219469271897,3.6852634372376114,2.7165105381011667,Camp,CLU-49,Site15,Admin1_D,Admin2_15,yes,31,f,6,2024-06-23,2024-06-28,device-7797,6,single,host,,,shelter_materials,drinking_water,no,0,0,2,6,Poor,6,Severe
HH-00237,ENUM-33,HHID-00237,-39.46097476064595,-38.71976132785127,8.64358249839637,1.6244616220533064,Rural,CLU-24,Site8,Admin1_A,Admin2_2,yes,62,f,8,2024-06-21,2024-06-25,device-2622,8,married,idp_returnee,no,,food,drinking_water,no,0,5,6,28,Poor,2,Moderate
HH-00238,ENUM-24,HHID-00238,-85.62312604233831,113.97579820976773,4.732099066915572,0.9865562795519127,Camp,CLU-97,Site13,Admin1_E,Admin2_10,yes,61,f,15,2024-06-17,2024-06-09,device-9017,15,single,refugee,yes,2023-11-04,healthcare,drinking_water,yes,2,7,7,35,Borderline,3,Moderate
HH-00239,ENUM-16,HHID-00239,26.1850132632902,-21.91143291472136,9.681934279147217,1.419398377193224,Urban,CLU-69,Site6,Admin1_E,Admin2_13,yes,58,m,15,2024-06-23,2024-06-24,device-7686,15,single,host,,,wash_nfi,drinking_water,yes,5,6,1,15,Poor,3,Moderate
HH-00240,ENUM-25,HHID-00240,-58.120077706731195,-44.30000540703327,1.8552551570312115,1.5353243813223176,Urban,CLU-61,Site6,Admin1_A,Admin2_2,yes,18,f,15,2024-06-18,2024-06-23,device-5583,15,married,refugee,no,,wash_nfi,drinking_water,no,0,1,6,20,Poor,6,Severe
HH-00241,ENUM-6,HHID-00241,79.28254518352458,-13.435277158941688,8.686231679556109,2.5688447389171856,Urban,CLU-31,Site14,Admin1_D,Admin2_13,yes,37,m,10,2024-06-26,2024-06-29,device-1536,10,widowed,idp,no,,shelter_materials,drinking_water,yes,5,7,3,23,Poor,2,Moderate
HH-00242,ENUM-24,HHID-00242,81.70714386046572,-71.50396530090885,7.765968527917417,2.3340359514035054,Urban,CLU-29,Site13,Admin1_B,Admin2_5,yes,44,m,14,2024-06-26,2024-06-27,device-7070,14,married,idp_returnee,yes,2023-11-22,food,drinking_water,yes,3,0,2,6,Poor,4,Severe
HH-00243,ENUM-15,HHID-00243,74.67559023968073,89.13937686345042,7.70921844644052,0.0,Camp,CLU-39,Site1,Admin1_B,Admin2_14,yes,60,m,5,,2024-06-29,device-4559,5,married,refugee,yes,2023-10-01,shelter_materials,drinking_water,yes,3,6,3,21,Poor,3,Moderate
HH-00244,ENUM-2,HHID-00244,-23.371433954020006,0.9793404332924922,8.447832281168877,0.527578161071618,Rural,CLU-91,Site20,Admin1_C,Admin2_9,yes,24,f,8,2024-06-22,2024-06-26,device-8264,8,married,idp_returnee,yes,2023-07-12,drinking_water,food,no,0,3,4,18,Poor,2,Moderate
HH-00245,ENUM-21,HHID-00245,-87.21780902480387,-96.40342974714576,7.610239909429989,1.5403849954494038,Rural,CLU-19,Site7,Admin1_C,Admin2_15,yes,60,f,3,2024-06-26,2024-06-27,device-8285,3,married,idp,no,,drinking_water,food,no,0,0,6,18,Poor,2,Moderate
HH-00246,ENUM-7,HHID-00246,77.09734126579056,143.84684637884465,6.262203216314154,1.7033603790883092,Camp,CLU-60,Site15,Admin1_C,Admin2_6,yes,51,m,13,2024-06-26,2024-06-30,device-4868,13,widowed,idp_returnee,yes,2024-05-07,food,drinking_water,no,0,4,7,29,Borderline,5,Severe
HH-00247,ENUM-46,HHID-00247,-12.926853302883416,-41.79916030564388,1.3124487768238757,0.5479806920576418,Rural,CLU-8,Site19,Admin1_D,Admin2_15,yes,35,f,15,2024-06-24,2024-06-27,device-6942,15,single,idp,no,,food,drinking_water,yes,5,1,2,8,Poor,2,Moderate
HH-00248,ENUM-42,HHID-00248,-172.79946421640383,15.679030001035898,0.32526179491251916,1.1495330218625854,Urban,CLU-72,Site14,Admin1_C,Admin2_7,yes,57,f,9,2024-06-22,2024-06-26,device-2627,9,divorced,host,,,food,drinking_water,yes,5,3,4,18,Poor,2,Moderate
HH-00249,ENUM-22,HHID-00249,83.45159587606551,146.3299599472369,9.208478478156868,2.4007245578053373,Camp,CLU-53,Site13,Admin1_C,Admin2_5,yes,56,m,5,2024-06-23,2024-06-25,device-7018,5,widowed,idp_returnee,no,,food,drinking_water,yes,5,2,3,13,Poor,6,Severe
HH-00250,ENUM-10,HHID-00250,63.54170198412481,44.72567852903717,6.166503145207381,0.8427742643224976,Camp,CLU-54,Site1,Admin1_D,Admin2_7,,62,m,7,2024-07-03,2024-07-07,device-9920,7,widowed,host,,,shelter_materials,drinking_water,yes,2,4,7,29,Borderline,1,Moderate
HH-00251,ENUM-9,HHID-00251,-36.99919942747458,-137.91670534498894,7.965372909761763,1.8382753286314792,Urban,CLU-72,Site7,Admin1_C,Admin2_11,yes,1,m,4,2024-06-30,2024-06-27,device-6876,4,single,idp,yes,2023-11-26,food,drinking_water,no,0,6,4,24,Poor,2,Moderate
HH-00252,ENUM-3,HHID-00252,-20.68240885165345,158.33956450085105,4.815223515125501,1.0380046800430938,Rural,CLU-68,Site7,Admin1_B,Admin2_8,yes,44,m,13,2024-06-29,2024-07-04,device-1992,13,unknown,host,,,food,drinking_water,no,0,7,3,23,Poor,5,Severe
HH-00253,ENUM-19,HHID-00253,63.20460087303425,45.97489910571042,1.1730818896239448,0.5303019366097332,Camp,CLU-18,Site9,Admin1_A,Admin2_10,yes,71,m,10,2024-07-01,2024-07-04,device-7523,10,married,refugee,no,,food,drinking_water,no,0,1,0,2,Poor,3,Moderate
HH-00254,ENUM-31,HHID-00254,-32.95403907187002,-59.433978723449,1.2518579220255044,1.1030036439988538,Rural,CLU-50,Site3,Admin1_B,Admin2_10,yes,75,f,3,2024-07-02,2024-07-07,device-5520,3,widowed,host,,,drinking_water,food,no,0,3,2,12,Poor,3,Moderate
HH-00255,ENUM-45,HHID-00255,-59.49130559650335,-129.8620538411806,6.855652872289713,2.9396843872751344,Urban,CLU-32,Site19,Admin1_B,Admin2_8,yes,24,m,1,2024-07-03,2024-07-08,device-4109,1,divorced,refugee,no,,healthcare,drinking_water,yes,3,2,7,25,Poor,4,Severe
HH-00256,ENUM-9,HHID-00256,10.224227242503034,105.84906813730657,4.303058948994627,2.503842779707474,Rural,CLU-33,Site4,Admin1_E,Admin2_1,yes,50,f,9,2024-06-27,2024-07-01,device-3001,9,married,idp,yes,2023-11-23,drinking_water,food,no,0,5,1,13,Poor,0,None
HH-00257,ENUM-49,HHID-00257,78.50785934894057,43.22619213426486,2.005247267003367,2.8989416108025834,Camp,CLU-27,Site18,Admin1_A,Admin2_3,yes,64,m,13,2024-07-08,2024-07-12,device-8450,13,widowed,idp,no,,drinking_water,food,yes,1,2,6,22,Poor,2,Moderate
HH-00258,ENUM-46,HHID-00258,35.28536340149515,12.045993111475752,4.915945467414369,1.7196351098159062,Camp,CLU-43,Site6,Admin1_B,Admin2_5,yes,57,f,7,2024-07-08,2024-07-12,device-2501,7,divorced,idp_returnee,yes,2024-03-11,drinking_water,food,yes,4,3,3,15,Poor,6,Severe
HH-00259,ENUM-31,HHID-00259,12.611010616085693,141.80132989834476,0.6420893707513409,0.7743404966937588,Rural,CLU-83,Site12,Admin1_A,Admin2_7,yes,25,m,8,2024-07-09,2024-07-14,device-4475,8,divorced,refugee,yes,2023-07-14,healthcare,drinking_water,no,0,6,5,27,Poor,2,Moderate
HH-00260,ENUM-29,HHID-00260,-72.50823112126166,103.89499604083107,5.819714019143988,1.8698987224342325,Camp,CLU-11,Site11,Admin1_B,Admin2_3,yes,36,f,9,2024-07-01,2024-07-04,device-1349,9,divorced,idp_returnee,yes,2023-08-20,healthcare,drinking_water,yes,1,7,7,198,Borderline,6,Severe
HH-00261,ENUM-40,HHID-00261,20.70130080585055,-125.39704329620957,2.6899340443509767,1.6359433363999023,Rural,CLU-58,Site7,Admin1_D,Admin2_10,yes,25,m,1,2024-07-01,2024-06-22,device-1828,1,divorced,idp_returnee,yes,2024-04-28,drinking_water,food,no,0,0,7,21,Poor,0,None
HH-00262,ENUM-1,HHID-00262,88.20969301876738,-67.78005559360264,7.975591006371881,2.61089270684904,Camp,CLU-48,Site15,Admin1_D,Admin2_10,yes,68,other,9,2024-07-07,2024-07-09,device-6464,9,widowed,host,yes,2023-08-25,food,drinking_water,yes,2,0,7,21,Poor,0,None
HH-00263,ENUM-6,HHID-00263,-64.78487725742568,-90.54390966679233,3.1036195892357377,0.7452064519606114,Camp,CLU-12,Site4,Admin1_C,Admin2_11,yes,24,m,6,2024-07-07,2024-07-08,device-4990,6,widowed,host,,,drinking_water,food,no,0,7,0,14,Poor,3,Moderate
HH-00264,ENUM-2,HHID-00264,3.299337425472615,87.82066532616369,4.552201490818012,,Camp,CLU-69,Site9,Admin1_D,Admin2_12,yes,49,m,7,2024-07-04,2024-07-07,device-3063,7,divorced,idp,yes,2024-02-21,drinking_water,food,yes,5,4,1,11,Poor,6,Severe
HH-00265,ENUM-17,HHID-00265,67.92715294703197,-167.92832349511943,0.11620539908100636,0.8751216617349606,Rural,CLU-93,Site16,Admin1_A,Admin2_7,yes,30,f,14,2024-07-06,2024-07-10,device-4362,14,married,idp,no,,wash_nfi,drinking_water,yes,5,2,4,16,Poor,5,Severe
HH-00266,ENUM-14,HHID-00266,43.338351195756786,25.160286553673956,0.7244688779455888,1.3116898172251499,Camp,CLU-25,Site17,Admin1_E,Admin2_1,maybe,56,m,11,2024-07-07,2024-07-09,device-2124,11,married,host,,,wash_nfi,drinking_water,no,0,0,7,21,Poor,13,Moderate
HH-00267,ENUM-10,HHID-00267,35.462833379148236,94.48512686664861,3.924935564066848,2.3433926934694993,Camp,CLU-7,Site11,Admin1_C,Admin2_7,yes,30,m,13,2024-07-08,2024-07-12,device-4394,13,widowed,refugee,no,,drinking_water,food,no,0,0,5,15,Poor,5,Severe
HH-00268,ENUM-36,HHID-00268,36.447135117679665,135.63562923422978,4.799388347171235,1.6900453234219164,Rural,CLU-35,Site20,Admin1_B,Admin2_15,yes,67,m,3,2024-07-13,2024-07-18,device-4538,3,divorced,refugee,yes,2024-04-04,healthcare,drinking_water,yes,0,7,4,26,Very Poor,6,Severe
HH-00269,ENUM-47,HHID-00269,-25.291592780444063,-56.85057046227331,6.000205481193037,1.4397207128644234,Rural,CLU-49,Site13,Admin1_D,Admin2_15,yes,34,m,8,2024-07-13,2024-07-18,device-4817,8,divorced,host,,,drinking_water,food,no,0,4,6,26,Poor,1,Moderate
HH-00270,ENUM-39,HHID-00270,-37.153468032391196,115.65262968192462,2.9166257870930323,1.4861906964250884,Urban,CLU-87,Site20,Admin1_C,Admin2_6,yes,71,f,2,2024-07-09,2024-07-13,device-6383,2,widowed,host,,,shelter_materials,drinking_water,yes,5,4,2,14,Poor,0,None
HH-00271,ENUM-34,HHID-00271,55.68500798613246,-140.1725746961254,6.949818861265426,1.6486169210149666,Rural,CLU-78,Site13,Admin1_D,Admin2_12,yes,51,m,12,2024-07-14,2024-07-17,,12,widowed,idp_returnee,no,,drinking_water,food,no,0,6,6,30,Borderline,4,Severe
HH-00272,ENUM-28,HHID-00272,55.820411042252545,124.72282502442653,8.601223971892045,2.462541359592642,Rural,CLU-78,Site19,Admin1_C,Admin2_4,yes,80,f,9,2024-07-10,2024-07-11,device-1046,9,widowed,host,,,drinking_water,food,no,0,5,3,19,Poor,0,None
HH-00273,ENUM-8,HHID-00273,66.07301734441867,-134.10408156048632,7.7985098889334985,2.730211722350586,Camp,CLU-6,Site4,Admin1_A,Admin2_1,yes,11,m,8,2024-07-13,2024-07-17,device-5542,8,single,host,,,shelter_materials,drinking_water,yes,3,3,2,12,Poor,6,Severe
HH-00274,ENUM-50,HHID-00274,74.38329946016484,-36.976575398267784,0.39618825348357145,2.8883367162598206,Urban,CLU-10,Site12,Admin1_A,Admin2_12,yes,40,f,6,2024-07-17,2024-07-20,device-3370,6,single,invalid_status,no,,drinking_water,food,yes,1,4,6,26,Poor,4,Severe
HH-00275,ENUM-19,HHID-00275,2.041631794968808,107.02633168063932,4.805069472578289,2.4672584656382375,Rural,CLU-25,Site12,Admin1_B,Admin2_8,yes,63,m,12,2024-07-13,2024-07-15,device-3129,12,divorced,host,yes,,drinking_water,food,no,0,0,7,21,Poor,2,Moderate
HH-00276,ENUM-16,HHID-00276,0.27293304369592875,-126.02972615444145,1.0493017841817487,1.288517239370032,Camp,CLU-98,Site15,Admin1_C,Admin2_15,maybe,44,m,1,2024-07-12,2024-07-16,device-9850,1,single,host,,,drinking_water,food,yes,1,2,6,22,Very Poor,5,Severe
HH-00277,ENUM-20,HHID-00277,53.69313221401953,-97.46949771624907,2.4204501586252745,2.2203367652163553,Rural,CLU-76,Site20,Admin1_E,Admin2_5,yes,36,f,1,2024-07-19,2024-07-21,device-5106,1,married,host,,,wash_nfi,drinking_water,no,0,1,2,8,Poor,6,Severe
HH-00278,ENUM-8,HHID-00278,26.993507539997722,80.01092462150388,9.866625932671464,1.5940078101384798,Camp,CLU-93,Site6,Admin1_A,Admin2_15,yes,28,f,11,2024-07-20,2024-07-23,device-3858,11,divorced,idp_returnee,yes,2024-01-01,food,drinking_water,no,0,4,1,11,Poor,6,Severe
HH-00279,ENUM-4,HHID-00279,36.35403790638661,79.21315315658677,1.4249554290151323,1.1366765551151279,Camp,CLU-86,Site10,Admin1_B,Admin2_6,yes,20,f,4,2024-07-14,2024-07-17,device-2801,4,single,host,,,wash_nfi,drinking_water,yes,1,1,6,198,Poor,1,Moderate
HH-00280,ENUM-16,HHID-00280,53.2426804984982,50.81314783870704,4.988881534513561,2.6021789485648066,Camp,CLU-72,Site20,Admin1_C,Admin2_1,yes,53,m,7,2024-07-14,2024-07-17,device-1422,7,divorced,idp_returnee,yes,2024-02-13,food,drinking_water,no,0,6,0,12,Poor,2,Moderate
HH-00281,ENUM-27,HHID-00281,70.20096152716192,69.821440008156,6.181557343181191,0.5960658724058125,Urban,CLU-28,Site19,Admin1_B,Admin2_6,yes,17,m,10,,2024-07-28,device-3159,10,married,idp,no,,food,drinking_water,no,0,1,3,11,Poor,3,Moderate
HH-00282,ENUM-41,HHID-00282,-29.160871766723552,15.380799605134627,7.024649705441039,2.754404980338559,Camp,CLU-62,Site3,Admin1_A,Admin2_14,yes,76,m,2,2024-07-23,2024-07-28,device-1243,2,married,idp_returnee,yes,2023-09-21,shelter_materials,shelter_materials,no,0,2,2,10,Poor,4,Severe
HH-00200,ENUM-40,HHID-00283,-22.39506852481007,-89.35233879349701,5.5964868348691414,1.6536936615618354,Rural,CLU-27,Site5,Admin1_B,Admin2_13,yes,31,f,6,2024-07-16,2024-07-19,device-6869,6,divorced,idp,no,,drinking_water,drinking_water,yes,1,4,4,20,Poor,5,Severe
HH-00284,ENUM-30,HHID-00284,-73.08325082864357,-55.549442338589,0.09770847419183659,2.093003692020701,Rural,CLU-43,Site11,Admin1_C,Admin2_5,yes,62,m,6,2024-07-18,2024-07-23,device-4898,6,single,idp,yes,2024-04-21,drinking_water,food,yes,4,6,4,24,Poor,5,Severe
HH-00285,ENUM-5,HHID-00285,14.090425379311313,-114.62482195148677,3.2646130824399187,2.148384805514457,Camp,CLU-39,Site4,Admin1_D,Admin2_5,yes,77,m,40,2024-07-20,2024-07-21,device-6304,10,divorced,idp_returnee,no,,food,drinking_water,yes,3,3,1,9,Poor,6,Severe
HH-00286,ENUM-8,HHID-00286,-83.53039071658642,147.04220208010622,5.1771164338471145,2.737794351766341,Camp,CLU-2,Site8,Admin1_E,Admin2_5,yes,48,f,14,2024-07-20,2024-07-25,device-1258,14,married,idp_returnee,yes,2023-07-24,shelter_materials,drinking_water,yes,0,5,3,19,Poor,3,Moderate
HH-00287,ENUM-32,HHID-00287,-6.192356736157166,30.021046115803358,0.8786649914483335,2.0916742054180184,Camp,CLU-28,Site10,Admin1_A,Admin2_14,yes,39,f,5,2024-07-25,2024-07-27,device-3854,5,single,idp_returnee,yes,2023-10-25,wash_nfi,drinking_water,no,0,5,7,31,Borderline,4,Severe
HH-00288,ENUM-39,HHID-00288,7.676034247363788,-35.69348996508964,3.5062693120918076,2.0348339619001545,Urban,CLU-25,Site4,Admin1_C,Admin2_8,yes,33,f,3,2024-07-26,2024-07-27,device-5347,49,single,refugee,no,,shelter_materials,drinking_water,yes,3,4,6,26,Poor,3,Moderate
HH-00289,ENUM-35,HHID-00289,-38.422574616908804,-13.677910688112235,0.33203108791366565,0.6666301014017249,Camp,CLU-95,Site6,Admin1_C,Admin2_14,yes,18,f,9,2024-07-27,2024-07-29,device-1858,9,widowed,host,yes,,shelter_materials,drinking_water,no,0,7,1,17,Poor,5,Severe
HH-00290,ENUM-2,HHID-00290,16.349986902421932,161.02200226025354,0.7857849715502074,1.79602005486301,Urban,CLU-16,Site12,Admin1_B,Admin2_12,yes,18,f,5,2024-07-24,2024-07-28,device-3076,5,divorced,idp_returnee,yes,2023-09-01,food,drinking_water,no,0,4,5,23,Poor,1,Moderate
HH-00291,ENUM-41,HHID-00291,-84.5099550109711,-124.79349487821113,3.9692327620159604,0.8754225020426041,Camp,CLU-96,Site5,Admin1_A,Admin2_11,yes,60,m,4,2024-07-28,2024-08-01,device-7897,4,married,idp,yes,2024-03-13,wash_nfi,drinking_water,yes,3,3,1,9,Poor,0,None
HH-00292,ENUM-33,HHID-00292,-83.2773260251414,31.042739526047,1.3271575404306035,2.343584421803714,Rural,CLU-97,Site17,Admin1_D,Admin2_2,yes,23,f,5,2024-07-22,2024-07-27,device-9619,5,married,idp,yes,2024-02-28,wash_nfi,drinking_water,yes,2,5,1,13,Poor,5,Severe
HH-00163,ENUM-37,HHID-00293,58.06810091873848,2.119924398407761,5.675408482615581,1.7805548020316861,Urban,CLU-62,Site13,Admin1_D,Admin2_14,yes,76,f,8,2024-07-25,2024-07-27,device-2862,8,divorced,idp_returnee,yes,2024-01-13,food,drinking_water,no,0,5,5,25,Poor,6,Severe
HH-00294,ENUM-16,HHID-00294,-25.16568454597268,40.123524756473216,6.894649691372657,2.2005694480208833,Camp,CLU-32,Site14,Admin1_E,Admin2_4,yes,25,f,10,2024-07-30,2024-07-22,device-2041,10,divorced,host,,,wash_nfi,drinking_water,no,0,3,6,24,Poor,2,Moderate
HH-00295,ENUM-46,HHID-00295,-67.12910772266073,183.59698421628326,8.005866991090828,0.6041822515059607,Camp,CLU-90,Site20,Admin1_E,Admin2_3,yes,71,m,6,2024-07-24,2024-07-28,device-8802,45,married,host,,,wash_nfi,drinking_water,no,0,7,7,35,Borderline,0,None
HH-00296,ENUM-10,,4.003786809864792,133.96460721989456,2.0015024424481007,0.711980040114508,Camp,CLU-78,Site5,Admin1_B,Admin2_5,yes,54,m,6,2024-07-31,2024-08-04,device-8344,6,unknown,host,,,drinking_water,food,no,0,5,2,16,Poor,5,Severe
HH-00297,ENUM-19,HHID-00297,48.598839557749955,155.56258169410046,1.6748258225906976,2.2908084701567057,Camp,CLU-91,Site19,Admin1_A,Admin2_12,yes,60,f,3,2024-07-30,2024-07-31,device-6931,3,divorced,idp,yes,2024-01-02,drinking_water,food,no,0,0,4,12,Poor,2,Moderate
HH-00298,ENUM-28,,-51.15221505056823,23.447946092115217,1.0456784033440025,0.6802108399966834,Rural,CLU-27,Site13,Admin1_D,Admin2_8,yes,49,m,8,2024-08-02,2024-08-03,device-9408,8,divorced,idp_returnee,no,,wash_nfi,drinking_water,yes,1,2,3,13,Poor,6,Severe
HH-00299,ENUM-1,HHID-00299,22.120285647420047,70.7942965956812,6.364302495436367,0.6781418194131466,Urban,CLU-51,Site14,Admin1_A,Admin2_13,yes,27,m,7,2024-07-31,2024-08-03,device-2786,7,single,idp_returnee,yes,2024-02-16,drinking_water,food,yes,1,0,0,0,Poor,0,None
HH-00300,ENUM-40,HHID-00300,-74.63745630112176,152.09977722382644,7.064757264869011,0.5302711880872186,Camp,CLU-31,Site6,Admin1_B,Admin2_14,maybe,78,f,4,2024-08-03,2024-08-05,device-8405,4,widowed,idp_returnee,no,,wash_nfi,drinking_water,yes,4,7,7,35,Borderline,6,Severe
HH-00301,ENUM-23,HHID-00301,-80.69729018965062,74.60590835282349,0.3158614482564204,2.8912534957487,Urban,CLU-71,Site16,Admin1_A,Admin2_6,yes,23,f,7,2024-08-06,2024-07-28,device-9254,7,married,idp,yes,2023-10-24,food,drinking_water,no,0,0,0,0,Poor,5,Severe
HH-00302,ENUM-16,HHID-00302,5.643833682266646,-125.08594455086592,9.362122462436899,2.3437708986475174,Urban,CLU-42,Site18,Admin1_A,Admin2_5,yes,67,f,12,2024-08-08,2024-08-10,device-4629,12,single,idp_returnee,yes,2023-12-06,food,drinking_water,yes,0,0,1,3,Poor,2,Moderate
HH-00303,ENUM-37,HHID-00303,7.314321889819169,27.463809660052732,0.5197128365147241,1.3831285212551605,Camp,CLU-100,Site6,Admin1_A,Admin2_12,yes,50,m,13,2024-08-06,2024-08-09,device-1710,13,divorced,idp,yes,2024-02-17,shelter_materials,shelter_materials,no,0,2,7,25,Poor,5,Severe
HH-00304,ENUM-27,HHID-00304,24.737382269677184,38.417416697828116,5.412963353010705,,Camp,CLU-37,Site18,Admin1_B,Admin2_7,yes,22,f,6,2024-08-02,2024-08-07,device-9543,6,widowed,idp,yes,2024-06-06,food,drinking_water,no,0,6,6,30,Borderline,3,Moderate
HH-00305,ENUM-12,HHID-00305,40.69644007007909,-27.312958331141033,7.090605194509164,1.374258074364624,Urban,CLU-49,Site6,Admin1_B,Admin2_10,yes,64,f,6,2024-08-03,2024-08-06,device-5941,6,married,host,,,wash_nfi,drinking_water,no,0,7,5,29,Borderline,1,Moderate
HH-00306,ENUM-43,HHID-00306,85.65337430325624,85.11992482490024,8.709691237460856,2.4366338279529547,Urban,CLU-60,Site16,Admin1_B,Admin2_11,yes,11,f,14,2024-08-05,2024-08-09,device-8504,14,widowed,idp_returnee,yes,2024-06-04,drinking_water,food,yes,0,6,6,30,Borderline,4,Severe
HH-00307,ENUM-43,HHID-00307,2.9340626942151573,156.37212531684537,7.140869321324278,2.153426527676036,Urban,CLU-69,Site10,Admin1_D,Admin2_2,yes,24,f,32,2024-08-05,2024-08-10,device-1510,7,single,idp_returnee,yes,2023-12-29,drinking_water,food,yes,2,1,3,11,Poor,3,Moderate
HH-00308,ENUM-6,HHID-00308,-31.867834870575727,153.20466464643948,8.017280830697919,0.9629889196686698,Rural,CLU-84,Site5,Admin1_C,Admin2_4,yes,75,f,5,2024-08-02,2024-08-07,device-1996,5,divorced,refugee,no,,food,drinking_water,no,0,1,6,20,Poor,3,Moderate
HH-00309,ENUM-34,HHID-00309,53.13351505836667,-17.697826294512453,3.3945019254280604,0.9352733383352109,Rural,CLU-46,Site6,Admin1_A,Admin2_8,yes,34,f,8,2024-08-12,2024-08-15,device-8847,8,single,host,,,wash_nfi,wash_nfi,no,0,0,0,0,Poor,5,Severe
HH-00310,ENUM-24,HHID-00310,-41.25019477282664,-139.2343034973281,8.148251137465122,0.7459891242834933,Rural,CLU-40,Site11,Admin1_E,Admin2_4,yes,15,f,3,2024-08-12,2024-08-16,device-7580,3,widowed,idp,yes,2024-01-19,healthcare,drinking_water,yes,2,7,0,14,Poor,4,Severe
HH-00311,ENUM-5,HHID-00311,-10.985144272985508,174.54283162644043,0.8011484638467514,2.1507567992533456,Urban,CLU-34,Site15,Admin1_E,Admin2_15,yes,32,m,10,2024-08-05,2024-08-10,device-7984,10,single,host,,,shelter_materials,drinking_water,no,0,1,4,14,Very Poor,6,Severe
HH-00177,ENUM-34,HHID-00312,-75.87785135839212,122.0033111205363,8.948166560605276,2.41093165555434,Rural,CLU-47,Site20,Admin1_C,Admin2_14,yes,47,m,3,2024-08-10,2024-08-13,device-2768,3,single,refugee,no,,wash_nfi,drinking_water,yes,2,5,1,13,Poor,0,None
HH-00313,ENUM-35,HHID-00313,-85.43686618521765,-135.12143476682394,5.475923761537363,1.16261607081251,Camp,CLU-66,Site2,Admin1_A,Admin2_7,yes,80,m,10,2024-08-06,2024-08-09,device-9032,10,divorced,host,,,food,drinking_water,no,0,6,2,18,Poor,2,Moderate
HH-00314,ENUM-33,HHID-00314,83.27671464202652,151.50307774225405,8.172977699624937,0.552362402577282,Urban,CLU-64,Site12,Admin1_A,Admin2_12,yes,36,f,11,2024-08-07,2024-08-11,device-8267,11,divorced,host,,,healthcare,drinking_water,yes,5,5,5,25,Poor,3,Moderate
HH-00315,ENUM-33,HHID-00315,60.47642169219705,133.1626903423662,4.523182845183001,0.7054291686910683,Rural,CLU-60,Site1,Admin1_A,Admin2_8,yes,34,m,4,2024-08-16,2024-08-19,device-2204,4,widowed,refugee,yes,2023-11-29,drinking_water,food,yes,1,6,7,33,Borderline,3,Moderate
HH-00316,ENUM-36,HHID-00316,35.27535709686563,6.781700565385961,6.4357769519652495,2.919650087112576,Camp,CLU-13,Site16,Admin1_B,Admin2_13,yes,47,m,14,2024-08-15,2024-08-18,device-2323,14,widowed,host,,,food,drinking_water,no,0,2,7,25,Poor,5,Severe
HH-00317,ENUM-2,HHID-00317,-16.388470005431415,32.85915686817452,5.264026609361132,1.2386119436935505,Camp,CLU-93,Site5,Admin1_D,Admin2_9,yes,21,f,2,2024-08-17,2024-08-20,device-6277,2,single,host,,,shelter_materials,drinking_water,no,0,0,7,21,Poor,6,Severe
HH-00318,ENUM-25,HHID-00318,-58.807022387247756,-36.359026606753105,7.315895217553319,2.423057869595334,Rural,CLU-61,Site7,Admin1_B,Admin2_14,yes,24,m,12,2024-08-17,2024-08-19,device-3430,12,married,refugee,yes,2023-11-13,healthcare,drinking_water,no,0,1,1,5,Poor,5,Severe
HH-00319,ENUM-31,HHID-00319,-61.84133231920451,-160.28581002406872,0.8162998203058958,2.0616589221356594,Camp,CLU-98,Site13,Admin1_A,Admin2_6,yes,70,m,5,2024-08-12,2024-08-13,device-2076,5,single,refugee,yes,2023-10-31,healthcare,healthcare,no,0,7,1,17,Poor,0,None
HH-00320,ENUM-3,HHID-00320,-44.95627833037284,-59.328993007475674,0.603520839905638,1.4548490991322398,Camp,CLU-41,Site18,Admin1_C,Admin2_14,yes,29,m,13,2024-08-11,2024-08-13,device-3067,13,widowed,idp,yes,2023-10-17,food,drinking_water,no,0,5,3,19,Poor,5,Severe
HH-00321,ENUM-41,HHID-00321,8.860799647101686,109.0272414952841,2.4710323401014644,1.0142181554888878,Urban,CLU-27,Site17,Admin1_A,Admin2_1,yes,73,m,4,2024-08-20,2024-08-23,device-5505,4,single,refugee,no,,wash_nfi,drinking_water,no,0,3,7,27,Poor,3,Moderate
HH-00322,ENUM-25,HHID-00322,38.62726608601122,-178.33247171834296,1.5954468011318834,,Camp,CLU-48,Site16,Admin1_A,Admin2_9,yes,20,f,9,2024-08-13,2024-08-14,device-9984,9,divorced,idp_returnee,yes,2024-05-13,food,drinking_water,no,0,7,2,20,Poor,2,Moderate
HH-00323,ENUM-24,HHID-00323,28.835527809191632,-59.94029819118809,8.717835665922017,2.0375324200971665,Urban,CLU-41,Site14,Admin1_D,Admin2_13,yes,72,m,7,2024-08-15,2024-08-20,device-6327,7,single,host,yes,2023-11-19,healthcare,drinking_water,no,0,0,7,21,Poor,4,Severe
HH-00324,ENUM-17,HHID-00324,-39.61189854973029,-36.659270307260414,2.192139873580443,2.43658445159447,Camp,CLU-53,Site16,Admin1_A,Admin2_3,yes,36,m,14,2024-08-15,2024-08-07,device-7240,14,divorced,idp_returnee,yes,2023-10-18,drinking_water,food,no,0,3,4,18,Poor,1,Moderate
HH-00325,ENUM-48,HHID-00325,81.87575051937495,13.462417057652232,9.758652558191313,2.1097606338528268,Urban,CLU-6,Site14,Admin1_B,Admin2_2,yes,41,f,7,2024-08-23,2024-08-25,device-9692,7,married,host,yes,,shelter_materials,drinking_water,yes,1,0,2,6,Poor,5,Severe
HH-00326,ENUM-2,HHID-00326,42.82144500523833,151.14802190859376,3.3689579177110685,1.8257553331228957,Camp,CLU-73,Site15,Admin1_E,Admin2_5,yes,69,f,4,2024-08-16,2024-08-18,device-5831,4,divorced,host,,,drinking_water,food,no,0,4,2,14,Poor,1,Moderate
HH-00327,ENUM-23,HHID-00327,9.783729452052128,-55.315442028253955,1.8211791568869928,0.6048780585790907,Rural,CLU-29,Site16,Admin1_D,Admin2_12,yes,61,m,3,2024-08-26,2024-08-30,device-8433,3,married,refugee,no,,healthcare,drinking_water,no,0,5,0,10,Poor,6,Severe
HH-00328,ENUM-5,HHID-00328,20.1097343221834,-55.096847317358026,7.896985071424791,2.9212219439859597,Camp,CLU-95,Site6,Admin1_D,Admin2_9,yes,38,f,13,2024-08-19,2024-08-22,device-9282,13,married,idp,no,,drinking_water,food,yes,4,3,1,9,Poor,4,Severe
HH-00329,ENUM-23,HHID-00329,-14.47198876299781,85.50044931950941,6.587077755008761,2.4967854791364363,Rural,CLU-19,Site3,Admin1_D,Admin2_7,yes,45,f,12,2024-08-23,2024-08-16,device-8048,12,single,host,,,wash_nfi,drinking_water,no,0,1,2,8,Poor,4,Severe
HH-00330,ENUM-16,HHID-00330,-45.408421889791654,-17.201541279669414,4.98195716453139,1.2320550917524118,Camp,CLU-3,Site19,Admin1_A,Admin2_3,yes,65,m,3,2024-08-19,2024-08-24,device-2624,3,widowed,refugee,no,,food,drinking_water,yes,0,4,4,20,Poor,6,Severe
HH-00331,ENUM-47,HHID-00331,-25.924917842772913,-99.1422637416065,5.553635509376313,2.949925823397127,Rural,CLU-34,Site1,Admin1_D,Admin2_13,yes,25,f,8,2024-08-28,2024-09-02,device-2874,8,widowed,host,yes,,healthcare,drinking_water,yes,0,3,1,9,Poor,6,Severe
HH-00332,ENUM-43,HHID-00332,46.41229988358643,-17.12177419223039,7.192017782722639,2.0047039740908055,Rural,CLU-71,Site8,Admin1_D,Admin2_14,yes,24,m,13,2024-08-22,2024-08-25,device-4522,13,single,host,yes,2023-10-25,shelter_materials,drinking_water,yes,2,3,6,24,Poor,5,Severe
HH-00333,ENUM-41,HHID-00333,-87.40917204664395,-129.29147266327206,2.2845474133129873,,Urban,CLU-75,Site10,Admin1_B,Admin2_9,yes,72,f,1,2024-08-29,2024-08-19,device-8046,1,married,idp_returnee,yes,2024-03-03,shelter_materials,shelter_materials,yes,3,7,2,20,Poor,4,Severe
HH-00334,ENUM-7,HHID-00334,-69.10692470875507,-283.42980083700616,9.963339160567418,2.3701829485738304,Rural,CLU-75,Site2,Admin1_C,Admin2_15,maybe,66,m,3,2024-08-30,2024-09-01,device-8398,3,widowed,refugee,no,,wash_nfi,drinking_water,yes,0,5,1,13,Poor,0,None
HH-00335,ENUM-50,HHID-00335,-81.7195244360845,-0.5876018137873018,9.747931621467831,2.5294244702253437,Camp,CLU-93,Site9,Admin1_B,Admin2_10,yes,142,f,7,2024-08-21,2024-08-14,device-4743,36,divorced,refugee,yes,2023-12-04,drinking_water,food,yes,4,0,0,0,Poor,1,Moderate
HH-00336,ENUM-38,,-82.66881558258538,-29.186838178362763,6.503256863469369,2.1411965183287567,Rural,CLU-54,Site8,Admin1_B,Admin2_1,yes,20,f,8,2024-08-31,2024-09-02,device-7779,8,widowed,idp,yes,2023-09-19,drinking_water,food,yes,1,4,4,20,Poor,3,Moderate
HH-00337,ENUM-48,HHID-00337,63.982905121981304,149.34452438451603,1.9954245092914513,0.8202393659155001,Camp,CLU-38,Site18,Admin1_C,Admin2_3,yes,18,m,3,2024-08-24,2024-08-27,device-6553,3,married,host,yes,2024-01-19,shelter_materials,drinking_water,no,0,7,2,20,Poor,7,Severe
HH-00338,ENUM-49,HHID-00338,36.658414688404264,-49.53819631801207,6.802282424312914,1.345668764986246,Rural,CLU-20,Site10,Admin1_C,Admin2_4,maybe,122,m,15,2024-08-29,2024-08-31,device-8430,15,married,invalid_status,no,,healthcare,drinking_water,no,0,3,7,27,Poor,0,None
HH-00339,ENUM-22,HHID-00339,-4.648710764281461,29.01180610009564,0.7219840897917584,2.8202091008151244,Camp,CLU-26,Site6,Admin1_D,Admin2_15,yes,26,m,14,2024-09-03,2024-09-06,device-7532,14,divorced,idp_returnee,yes,2024-07-02,drinking_water,food,yes,0,0,5,15,Poor,2,Moderate
HH-00340,ENUM-9,HHID-00340,-72.38985108281973,47.615143651030934,0.30652502205806065,1.0615390296096299,Camp,CLU-43,Site15,Admin1_B,Admin2_14,yes,60,other,11,2024-09-03,2024-09-04,device-7815,11,single,idp_returnee,yes,2024-04-30,healthcare,drinking_water,no,0,3,2,12,Poor,6,Severe
HH-00341,ENUM-3,HHID-00341,-1.5091424789701762,-175.28599562819988,2.576828885112137,1.4304175595937834,Camp,CLU-30,Site19,Admin1_A,Admin2_4,yes,59,f,9,2024-09-04,2024-09-09,device-2557,9,widowed,refugee,no,,shelter_materials,drinking_water,no,0,6,3,21,Poor,5,Severe
HH-00342,ENUM-23,HHID-00342,-4.7750812594981795,58.87345392601583,4.626229567393163,1.58019220736049,Camp,CLU-49,Site16,Admin1_E,Admin2_14,yes,28,m,9,2024-09-03,2024-09-05,device-6120,9,single,idp,yes,2023-12-14,healthcare,drinking_water,yes,4,1,0,2,Poor,4,Severe
HH-00343,ENUM-35,HHID-00343,-58.82366341619726,-115.90705192688948,8.682725054083805,1.5985124742361305,Camp,CLU-73,Site18,Admin1_E,Admin2_1,yes,39,m,12,2024-09-01,2024-08-31,device-7992,12,widowed,idp_returnee,no,,wash_nfi,drinking_water,no,0,4,3,17,Poor,6,Severe
HH-00344,ENUM-22,HHID-00344,-11.906703137164854,165.98531428900384,7.271690697663081,2.032348956236314,Rural,CLU-32,Site17,Admin1_E,Admin2_4,yes,126,m,6,2024-09-01,2024-09-02,device-6120,6,divorced,idp_returnee,yes,2024-06-19,shelter_materials,drinking_water,yes,1,7,7,35,Borderline,3,Moderate
HH-00345,ENUM-42,HHID-00345,-18.26914780847278,-126.48141800887933,7.42706521199981,2.857689594361769,Camp,CLU-64,Site4,Admin1_B,Admin2_1,yes,75,f,13,2024-08-31,2024-09-01,device-5176,13,single,refugee,no,,healthcare,drinking_water,no,0,2,0,4,Poor,1,Moderate
HH-00346,ENUM-12,HHID-00346,20.853017649398964,-30.735315458271458,4.2549333444807536,1.1017317795812624,Rural,CLU-71,Site19,Admin1_C,Admin2_8,yes,46,f,8,2024-09-08,2024-09-13,device-7132,8,widowed,refugee,yes,2024-06-29,food,drinking_water,no,0,3,1,9,Poor,3,Moderate
HH-00347,ENUM-50,HHID-00347,24.316857156175885,-149.27411949168823,3.4593499254696294,0.8037534407522952,Urban,CLU-84,Site4,Admin1_D,Admin2_1,yes,79,m,5,2024-09-04,2024-09-07,device-3500,5,widowed,host,,,wash_nfi,wash_nfi,no,0,2,6,22,Poor,0,None
HH-00348,ENUM-44,HHID-00348,-81.84527824103199,178.87473066454106,48.572382934328466,-0.09449584460426408,Urban,CLU-88,Site9,Admin1_D,Admin2_15,yes,57,m,5,,2024-09-04,device-8770,5,married,host,,,healthcare,drinking_water,no,0,1,4,14,Poor,3,Moderate
HH-00349,ENUM-30,HHID-00349,-22.569729367235183,0.7902037192473301,9.876495637360579,2.717312250523174,Rural,CLU-44,Site18,Admin1_E,Admin2_6,yes,35,f,9,2024-09-04,2024-09-08,device-2099,9,married,refugee,no,,shelter_materials,drinking_water,no,0,2,7,25,Poor,5,Severe
HH-00350,ENUM-45,HHID-00350,22.654784828562555,34.338606235215764,0.4010919141248248,2.114527031638015,Camp,CLU-33,Site12,Admin1_D,Admin2_12,yes,74,m,14,2024-09-07,2024-09-08,device-2494,14,widowed,host,,,healthcare,drinking_water,yes,3,1,0,2,Poor,4,Severe
HH-00351,ENUM-31,HHID-00351,0.5645265444157843,-155.8524681401661,8.670314961224486,1.2147669730979003,Rural,CLU-98,Site18,Admin1_A,Admin2_4,yes,14,m,10,2024-09-04,2024-09-05,device-2398,10,married,idp_returnee,yes,2024-01-18,food,drinking_water,yes,2,2,0,4,Poor,1,Moderate
HH-00352,ENUM-41,HHID-00352,64.16817141389802,89.98576934370402,5.786754085723934,2.539867347421543,Urban,CLU-63,Site2,Admin1_A,Admin2_5,yes,23,f,1,2024-09-12,2024-09-17,device-2527,1,widowed,refugee,yes,2024-05-14,drinking_water,food,yes,2,4,0,8,Poor,1,Moderate
HH-00353,ENUM-12,HHID-00353,28.564853691410107,-104.43398648558913,4.386154191895905,2.65342499090859,Rural,CLU-93,Site15,Admin1_C,Admin2_6,yes,2,other,7,2024-09-13,2024-09-16,device-8075,7,widowed,refugee,yes,2024-03-20,healthcare,drinking_water,no,0,3,6,24,Poor,1,Moderate
HH-00354,ENUM-9,HHID-00354,-60.671803125342656,143.29954419865697,7.252576604151365,2.6162858467256953,Rural,CLU-83,Site18,Admin1_D,Admin2_14,yes,70,m,2,2024-09-08,2024-09-12,device-2582,2,married,idp,yes,2024-07-01,shelter_materials,drinking_water,yes,2,4,3,17,Poor,1,Moderate
HH-00355,ENUM-5,HHID-00355,-77.29762546792263,-106.14972942647742,4.866689414247029,2.7973163340988862,Camp,CLU-95,Site7,Admin1_B,Admin2_8,yes,126,m,12,2024-09-11,2024-09-15,device-7105,12,married,idp_returnee,no,,food,drinking_water,yes,0,3,3,15,Poor,6,Severe
HH-00356,ENUM-46,HHID-00356,25.635470077136816,-111.35242056108004,8.734232380816605,1.1306025504334039,Urban,CLU-63,Site14,Admin1_D,Admin2_9,yes,29,m,46,2024-09-10,2024-09-14,device-3131,3,unknown,host,yes,2024-06-17,drinking_water,food,no,0,0,5,15,Poor,5,Severe
HH-00357,ENUM-50,HHID-00357,-101.218250723207,-166.84211957468585,9.007018640112586,2.387604821865696,Camp,CLU-59,Site4,Admin1_B,Admin2_7,yes,25,f,1,2024-09-07,2024-09-10,,1,single,host,yes,2024-05-16,healthcare,drinking_water,yes,4,4,3,17,Poor,5,Severe
HH-00358,ENUM-30,HHID-00358,15.439604629223396,-10.05589976040028,4.217209268734554,1.65134874318535,Camp,CLU-22,Site8,Admin1_E,Admin2_11,yes,43,f,4,2024-09-06,2024-09-08,device-6400,4,divorced,host,,,drinking_water,food,yes,2,7,3,23,Poor,0,None
HH-00088,ENUM-3,HHID-00359,79.24144345649236,23.342807974541927,2.768277972350516,2.6049963822251536,Rural,CLU-94,Site10,Admin1_B,Admin2_15,yes,43,f,14,2024-09-14,2024-09-15,device-3002,14,widowed,refugee,no,,healthcare,drinking_water,no,0,0,1,3,Poor,0,None
HH-00360,ENUM-19,HHID-00360,13.58535201765821,-156.34488980579314,5.923503285933622,2.321226692904033,Rural,CLU-46,Site2,Admin1_E,Admin2_2,yes,79,f,5,2024-09-17,2024-09-20,device-7730,5,divorced,host,,,healthcare,drinking_water,yes,1,6,0,12,Poor,3,Moderate
HH-00361,ENUM-13,HHID-00361,-20.12941328282605,99.18994201020382,9.12363345616691,2.4411186162493115,Rural,CLU-22,Site15,Admin1_A,Admin2_11,yes,47,m,8,2024-09-18,2024-09-22,device-6793,8,single,idp_returnee,yes,2024-03-31,wash_nfi,drinking_water,yes,5,0,6,18,Poor,5,Severe
HH-00362,ENUM-3,HHID-00362,25.791879319623575,-16.81601949071006,2.106621890056666,2.140404594202679,Rural,CLU-18,Site9,Admin1_D,Admin2_1,yes,35,m,14,2024-09-10,2024-09-11,device-7929,14,single,host,,,drinking_water,food,yes,4,5,0,10,Poor,0,None
HH-00363,ENUM-13,HHID-00363,-7.514479711527002,8.780496957928818,6.229665835634828,0.9435719236742672,Camp,CLU-93,Site12,Admin1_C,Admin2_4,yes,71,f,11,2024-09-11,2024-09-12,device-1842,11,widowed,idp_returnee,yes,2024-06-16,drinking_water,food,no,0,6,0,12,Poor,1,Moderate
HH-00364,ENUM-3,,8.21102207686829,-21.325411102237865,6.3156022009252055,1.8625672972423457,Camp,CLU-70,Site3,Admin1_D,Admin2_6,yes,42,m,2,2024-09-19,2024-09-23,device-5712,2,widowed,refugee,yes,2024-06-06,food,drinking_water,yes,4,6,5,27,Poor,2,Moderate
HH-00365,ENUM-21,HHID-00365,79.46366557977453,-35.72529808488264,7.33113022415281,2.9616743488112705,Rural,CLU-63,Site15,Admin1_E,Admin2_8,yes,62,f,8,2024-09-14,2024-09-18,device-6119,8,divorced,refugee,yes,2023-12-05,healthcare,drinking_water,yes,5,4,3,17,Poor,3,Moderate
HH-00366,ENUM-20,HHID-00366,-20.501525195860637,21.470519270958448,1.315676851272598,2.8434701662427972,Rural,CLU-24,Site4,Admin1_D,Admin2_10,maybe,72,f,12,2024-09-20,2024-09-21,device-6761,12,divorced,host,yes,2024-06-05,healthcare,drinking_water,no,0,1,1,5,Poor,6,Severe
HH-00367,ENUM-33,HHID-00367,83.01430148830457,-124.1135114649435,7.158249646820885,0.6079343394925292,Urban,CLU-70,Site8,Admin1_C,Admin2_8,yes,48,m,6,2024-09-17,2024-09-22,device-2697,6,married,idp,no,,wash_nfi,drinking_water,yes,0,7,3,23,Poor,2,Moderate
HH-00368,ENUM-26,HHID-00368,72.96311555209147,-114.5058730217024,9.09032520665641,0.9120370393235928,Camp,CLU-83,Site7,Admin1_E,Admin2_3,yes,69,f,5,2024-09-15,2024-09-16,device-9313,5,divorced,idp,no,,drinking_water,food,no,0,7,1,17,Poor,1,Moderate
HH-00369,ENUM-35,HHID-00369,-54.75759573792664,130.24282356486623,1.7968310887024197,0.8293219336364048,Camp,CLU-8,Site19,Admin1_E,Admin2_14,yes,44,f,6,2024-09-19,2024-09-21,device-4485,6,divorced,idp,no,,food,drinking_water,yes,5,5,2,16,Poor,5,Severe
HH-00370,ENUM-31,HHID-00370,-77.51496584247022,160.6015663681078,2.3754332492387764,,Camp,CLU-68,Site12,Admin1_C,Admin2_8,yes,59,f,6,2024-09-16,2024-09-18,device-3535,6,single,refugee,yes,2024-05-05,drinking_water,food,no,0,0,2,6,Poor,2,Moderate
HH-00371,ENUM-17,HHID-00371,-71.8599597520632,-45.608646139288936,9.713950940416396,2.5444633246423627,Rural,CLU-5,Site20,Admin1_D,Admin2_10,yes,74,m,9,2024-09-19,2024-09-24,device-8900,9,divorced,refugee,yes,2023-11-28,shelter_materials,drinking_water,yes,0,3,0,6,Poor,5,Severe
HH-00372,ENUM-3,HHID-00372,-86.72007138272104,222.33385582480227,1.8097695270948977,1.0337784157766798,Rural,CLU-10,Site14,Admin1_C,Admin2_9,yes,69,f,9,2024-09-21,2024-09-24,device-4674,9,married,host,,,food,drinking_water,no,0,0,6,18,Poor,3,Moderate
HH-00373,ENUM-49,HHID-00373,-73.00026706393288,51.83983556604568,8.543850933695792,1.7646317323795726,Rural,CLU-86,Site6,Admin1_B,Admin2_6,,28,f,15,2024-09-21,2024-09-22,device-2773,15,divorced,idp_returnee,yes,2023-10-06,shelter_materials,drinking_water,no,0,4,1,11,Poor,5,Severe
HH-00374,ENUM-42,HHID-00374,32.941219214944226,-32.855698404685285,4.922778564480348,2.601757570028,Urban,CLU-7,Site20,Admin1_A,Admin2_6,yes,25,m,13,2024-09-20,2024-09-22,device-6736,13,widowed,idp,no,,food,food,yes,3,6,5,27,Poor,0,None
HH-00375,ENUM-13,HHID-00375,-77.18604327715879,-170.86091196227585,2.4723107440317706,2.3320038619156263,Rural,CLU-98,Site5,Admin1_C,Admin2_3,yes,26,f,5,2024-09-25,2024-09-26,device-7022,5,married,refugee,no,,wash_nfi,drinking_water,no,0,7,5,29,Borderline,5,Severe
,ENUM-19,HHID-00376,-32.58438654712297,-123.78506494817147,8.707499012725114,1.8555930137296208,Urban,CLU-1,Site7,Admin1_E,Admin2_14,yes,62,f,6,2024-09-27,2024-10-02,device-2882,6,widowed,host,yes,,healthcare,drinking_water,yes,3,5,3,19,Poor,1,Moderate
,ENUM-23,HHID-00377,62.07755597450182,-192.1339430520151,4.453052550026655,1.9758692261469322,Rural,CLU-53,Site7,Admin1_B,Admin2_15,yes,64,f,1,2024-09-24,2024-09-28,device-5564,1,single,idp_returnee,yes,2024-08-14,drinking_water,food,yes,0,0,3,9,Poor,4,Severe
HH-00378,ENUM-50,HHID-00378,-85.81105156755135,57.2126190876545,5.148173539296902,1.7709013672907,Camp,CLU-18,Site2,Admin1_A,Admin2_5,yes,21,f,7,2024-09-29,2024-10-04,device-4705,7,married,idp,yes,2024-04-02,food,drinking_water,yes,0,6,6,30,Borderline,5,Severe
HH-00379,ENUM-4,HHID-00379,56.60432686600845,-170.24544269874593,3.5923336939976567,1.2438711282970514,Urban,CLU-81,Site19,Admin1_C,Admin2_12,yes,80,f,2,2024-10-01,2024-10-06,device-8030,2,married,idp,yes,2024-02-01,healthcare,drinking_water,no,0,3,6,24,Poor,5,Severe
HH-00380,ENUM-42,HHID-00380,-39.266140540788015,-100.0900217041382,5.9295085143492745,1.9125549821475403,Rural,CLU-30,Site12,Admin1_A,Admin2_14,yes,78,m,6,2024-09-30,2024-10-05,device-1430,6,divorced,host,,,healthcare,drinking_water,no,0,5,1,13,Poor,3,Moderate
HH-00381,ENUM-22,HHID-00381,-68.73033102810187,-96.8130732282943,1.6352387258502277,2.2222132551252267,Rural,CLU-9,Site18,Admin1_D,Admin2_12,yes,72,m,14,2024-09-23,2024-09-25,device-5381,14,married,refugee,yes,2023-11-21,shelter_materials,drinking_water,no,0,1,3,11,Poor,0,None
HH-00382,ENUM-18,HHID-00382,35.412689765547114,61.88138769554223,3.910815366517607,2.6833072896520194,Camp,CLU-91,Site9,Admin1_E,Admin2_2,yes,137,f,11,2024-10-03,2024-10-08,device-1474,11,single,host,,,wash_nfi,drinking_water,no,0,0,3,9,Poor,6,Severe
HH-00383,ENUM-8,HHID-00383,23.20971242037912,-172.9042064084289,9.694123223352875,2.09072838494812,Rural,CLU-20,Site20,Admin1_C,Admin2_5,yes,24,m,10,2024-10-02,2024-10-06,device-3955,10,single,refugee,no,,wash_nfi,drinking_water,yes,4,3,1,9,Poor,5,Severe
HH-00384,ENUM-24,HHID-00384,67.94496243486952,-295.99998157818936,2.5813343270112754,2.402803842607895,Camp,CLU-2,Site18,Admin1_E,Admin2_1,yes,44,m,4,2024-09-29,2024-10-03,device-5477,4,single,idp_returnee,yes,2024-06-24,shelter_materials,drinking_water,no,0,6,5,27,Poor,2,Moderate
HH-00385,ENUM-28,HHID-00385,42.312787884699446,107.96979073434818,6.567366645412922,0.9001790873864325,Rural,CLU-28,Site6,Admin1_B,Admin2_7,yes,76,m,10,2024-10-05,2024-10-09,device-6062,10,married,host,,,healthcare,drinking_water,yes,4,1,5,17,Poor,6,Severe
HH-00386,ENUM-26,HHID-00386,54.62656746927274,-115.7239216604399,3.251900642246949,1.6538936860494746,Urban,CLU-65,Site11,Admin1_B,Admin2_1,maybe,55,f,10,2024-09-27,2024-09-30,,10,married,refugee,no,,shelter_materials,drinking_water,no,0,3,2,133,Poor,1,Moderate
HH-00387,ENUM-48,HHID-00387,-39.23377693716483,54.98859882667489,7.734731256866007,0.5233290495677332,Urban,CLU-59,Site10,Admin1_A,Admin2_3,yes,48,m,11,2024-09-29,2024-10-04,device-6751,11,divorced,idp,no,,healthcare,drinking_water,no,0,3,0,6,Poor,4,Severe
HH-00388,ENUM-29,HHID-00388,-58.06088211964989,-94.25419882317846,1.3087366071834983,1.1166971613040575,Camp,CLU-48,Site10,Admin1_B,Admin2_14,yes,69,m,11,,2024-10-05,device-1100,11,single,idp_returnee,no,,wash_nfi,drinking_water,yes,0,2,6,22,Poor,6,Severe
HH-00389,ENUM-25,HHID-00389,45.11065529535449,-144.20109860663575,9.698210450785448,2.316154287782512,Rural,CLU-8,Site19,Admin1_B,Admin2_10,yes,54,m,9,2024-09-29,2024-10-02,device-3972,9,divorced,refugee,yes,2024-01-01,healthcare,drinking_water,yes,4,5,5,25,Poor,4,Severe
HH-00390,ENUM-22,HHID-00390,55.230253068107515,-92.45801124019653,4.5378954138363925,2.9795248783734087,Camp,CLU-80,Site9,Admin1_C,Admin2_13,yes,61,m,3,2024-09-30,2024-10-05,device-3347,3,single,host,,,healthcare,drinking_water,yes,0,4,0,8,Poor,0,None
HH-00391,ENUM-12,HHID-00391,88.2909255601212,80.01609546803729,2.3605046334646396,0.7479452489680398,Camp,CLU-82,Site17,Admin1_E,Admin2_4,yes,46,f,13,2024-10-08,2024-10-13,device-7566,13,divorced,host,,,wash_nfi,drinking_water,no,0,1,6,20,Poor,5,Severe
HH-00392,ENUM-32,HHID-00392,-15.72881815594323,128.05072851826287,0.7349674733001266,1.5037357896532206,Rural,CLU-86,Site4,Admin1_A,Admin2_14,yes,29,m,5,2024-10-02,2024-10-03,device-2140,5,widowed,refugee,yes,2024-03-09,shelter_materials,drinking_water,no,0,1,3,11,Poor,2,Moderate
HH-00393,ENUM-45,HHID-00393,-23.03674455729903,118.879151244117,1.6975790508754074,2.5001774217478987,Urban,CLU-79,Site5,Admin1_B,Admin2_4,yes,57,m,6,2024-10-05,2024-10-10,device-3324,6,widowed,idp_returnee,yes,2024-02-03,food,drinking_water,yes,4,0,7,21,Poor,3,Moderate
HH-00394,ENUM-32,HHID-00394,49.754332933559425,-37.013929337356274,5.197739485560176,1.0100890865722472,Urban,CLU-62,Site14,Admin1_E,Admin2_11,yes,42,f,6,2024-10-06,2024-10-07,device-1502,6,single,refugee,yes,2024-01-23,healthcare,drinking_water,yes,0,7,3,23,Poor,5,Severe
HH-00395,ENUM-24,HHID-00395,-28.65536275445679,60.510649165432625,3.3700317643128628,1.8877123732557157,Camp,CLU-85,Site2,Admin1_D,Admin2_4,yes,67,f,11,2024-10-11,2024-10-13,device-2503,11,divorced,host,,,drinking_water,food,no,0,6,1,15,Poor,5,Severe
HH-00396,ENUM-34,HHID-00396,77.53631860864164,-106.20565365030446,8.288833658826094,2.332678240074187,Camp,CLU-63,Site9,Admin1_C,Admin2_11,yes,40,m,9,2024-10-06,2024-10-08,device-9691,9,married,host,,,drinking_water,food,yes,1,0,4,12,Poor,5,Severe
HH-00397,ENUM-18,HHID-00397,64.51429533174212,-74.46681710603522,4.308875236618059,2.0399636256504476,Camp,CLU-3,Site5,Admin1_B,Admin2_4,yes,57,f,8,2024-10-09,2024-10-12,device-4524,8,married,idp,yes,2023-10-15,shelter_materials,drinking_water,no,0,5,5,25,Poor,5,Severe
,ENUM-6,HHID-00398,-12.78107507249669,142.68089466760313,2.487142725876299,0.9700618365385403,Urban,CLU-1,Site5,Admin1_B,Admin2_5,yes,122,f,13,2024-10-07,2024-10-08,device-7163,13,married,idp,no,,healthcare,drinking_water,no,0,4,0,8,Poor,3,Moderate
HH-00399,ENUM-47,HHID-00399,45.15679220246952,-175.31930753613503,6.171449866040301,1.3884614217143485,Urban,CLU-69,Site8,Admin1_B,Admin2_11,yes,73,f,12,2024-10-15,2024-10-05,device-7878,12,divorced,host,,,healthcare,drinking_water,yes,5,3,1,9,Poor,5,Severe
HH-00400,ENUM-28,HHID-00400,45.81771733524283,-149.21692889239148,7.067772168854458,2.459479461213493,Urban,CLU-71,Site5,Admin1_E,Admin2_7,yes,61,m,8,2024-10-16,2024-10-18,device-8432,8,widowed,idp,yes,2024-09-06,food,drinking_water,yes,0,1,3,11,Poor,5,Severe
HH-00401,ENUM-6,HHID-00401,-71.43770360953212,-105.16094814743016,1.6704190790094986,1.8855662853300417,Camp,CLU-53,Site11,Admin1_C,Admin2_9,yes,74,m,15,2024-10-11,2024-10-13,device-6585,15,married,invalid_status,no,,food,drinking_water,no,0,7,6,32,Borderline,6,Severe
HH-00402,ENUM-28,HHID-00402,72.459523202322,-170.4484066054249,1.6761921628831766,0.5130740338572819,Camp,CLU-2,Site8,Admin1_C,Admin2_1,yes,71,f,2,2024-10-15,2024-10-20,device-3578,2,single,refugee,yes,2024-04-19,drinking_water,food,yes,1,3,4,18,Poor,4,Severe
HH-00403,ENUM-39,HHID-00403,0.9454270406142911,-114.68324336767297,32.84655915501183,2.4024769000702344,Urban,CLU-3,Site13,Admin1_E,Admin2_14,yes,64,m,7,2024-10-15,2024-10-16,device-7062,7,widowed,idp_returnee,no,,drinking_water,food,yes,2,5,7,31,Borderline,6,Severe
HH-00404,ENUM-12,HHID-00404,58.7623438993935,29.89496194908918,7.364020150656405,0.5882783873505977,Camp,CLU-68,Site16,Admin1_A,Admin2_13,yes,12,m,10,2024-10-13,2024-10-15,device-6105,10,single,refugee,yes,2024-06-09,drinking_water,food,yes,1,0,1,3,Poor,3,Moderate
HH-00405,ENUM-35,HHID-00405,-32.391071814489884,-28.28716178670075,6.638045276218051,2.3643344568280806,Urban,CLU-93,Site5,Admin1_C,Admin2_13,maybe,75,m,5,2024-10-09,2024-10-10,device-6314,5,divorced,refugee,yes,2024-08-08,drinking_water,food,yes,5,5,2,16,Poor,6,Severe
HH-00406,ENUM-19,HHID-00406,71.19418112931609,141.36181598771094,4.746308757498139,1.0062014004130935,Urban,CLU-36,Site19,Admin1_E,Admin2_11,yes,26,m,8,2024-10-11,2024-10-15,,8,married,idp,yes,2024-08-31,healthcare,drinking_water,no,0,3,4,18,Poor,1,Moderate
HH-00407,ENUM-21,HHID-00407,-19.94369782785064,114.27968222583871,8.441704489691972,2.8951837002984506,Urban,CLU-69,Site9,Admin1_E,Admin2_1,yes,48,m,11,2024-10-21,2024-10-25,device-1861,11,single,idp,yes,2024-05-26,drinking_water,food,no,0,1,1,5,Poor,1,Moderate
HH-00408,ENUM-7,HHID-00408,-88.0492227335463,-56.94575338876464,8.056701529500533,1.4198518782552112,Rural,CLU-37,Site14,Admin1_B,Admin2_8,yes,134,m,3,2024-10-17,2024-10-22,device-3549,3,divorced,idp_returnee,no,,food,drinking_water,no,0,7,5,29,Borderline,2,Moderate
HH-00409,ENUM-6,HHID-00409,72.96875575546747,-86.60756396473471,5.853543643967521,1.3173290408451979,Rural,CLU-3,Site13,Admin1_E,Admin2_15,yes,49,m,14,2024-10-16,2024-10-20,device-3579,14,married,idp_returnee,no,,healthcare,drinking_water,yes,2,1,6,20,Poor,0,None
HH-00410,ENUM-21,HHID-00410,-73.56839817849595,-43.31073305978393,8.682712805132587,0.8722201258311117,Camp,CLU-65,Site15,Admin1_B,Admin2_3,yes,25,m,46,2024-10-13,2024-10-16,device-1815,3,divorced,idp_returnee,yes,2023-12-22,wash_nfi,drinking_water,yes,5,7,2,20,Poor,2,Moderate
HH-00411,ENUM-43,HHID-00411,-32.52354523372532,32.50617930533079,2.0584121003676827,1.2640105387255371,Rural,CLU-90,Site3,Admin1_D,Admin2_11,yes,74,m,11,2024-10-14,2024-10-15,device-2336,11,single,refugee,yes,2023-10-20,shelter_materials,drinking_water,no,0,1,5,17,Poor,0,None
HH-00412,ENUM-19,HHID-00412,144.14526011039888,-83.49708930376454,1.1191961939772788,2.6916269045705015,Urban,CLU-87,Site3,Admin1_E,Admin2_3,yes,44,m,13,2024-10-19,2024-10-21,device-5458,13,widowed,idp_returnee,yes,2024-04-01,food,drinking_water,no,0,1,2,8,Poor,0,None
HH-00413,ENUM-20,,81.10928644876009,44.69360682568825,2.697496115169896,2.990835844068118,Camp,CLU-56,Site13,Admin1_C,Admin2_10,yes,46,f,15,2024-10-17,2024-10-20,device-8259,15,single,host,,,shelter_materials,drinking_water,no,0,0,5,15,Poor,0,None
HH-00414,ENUM-29,HHID-00414,13.218819862191495,-32.61180521115344,0.5708685608931485,1.4207738262671208,Urban,CLU-23,Site17,Admin1_B,Admin2_13,yes,20,m,6,2024-10-26,2024-10-29,device-7947,6,single,host,,,wash_nfi,drinking_water,no,0,0,7,21,Poor,2,Moderate
,ENUM-39,HHID-00415,23.73069819056387,18.736985106712893,5.31169528001032,1.6215265773863563,Urban,CLU-14,Site9,Admin1_D,Admin2_1,yes,22,f,7,2024-10-20,2024-10-24,device-8957,7,widowed,refugee,yes,2024-02-23,wash_nfi,drinking_water,yes,3,6,1,15,Poor,5,Severe
HH-00416,ENUM-46,HHID-00416,-9.27980604390244,-22.994449511286007,9.366056922949614,2.3051773455068427,Camp,CLU-13,Site12,Admin1_A,Admin2_4,yes,34,m,11,2024-10-19,2024-10-20,device-8242,11,divorced,idp,no,,drinking_water,food,no,0,5,5,25,Poor,4,Severe
HH-00417,ENUM-28,HHID-00417,-37.22206109434838,-73.99232656490963,0.39343540668509647,2.715489451162686,Urban,CLU-68,Site15,Admin1_A,Admin2_5,yes,59,f,10,2024-10-25,2024-10-27,device-7785,10,divorced,idp_returnee,no,,drinking_water,food,yes,4,1,0,2,Poor,1,Moderate
HH-00418,ENUM-11,HHID-00418,-30.84038183341513,161.44319050637642,1.221099140100268,1.9826108354669603,Rural,CLU-20,Site16,Admin1_A,Admin2_10,,38,m,10,2024-10-26,2024-10-29,device-5475,10,single,host,,,wash_nfi,drinking_water,no,0,2,7,25,Poor,5,Severe
HH-00419,ENUM-45,HHID-00419,31.05332209386691,94.89808589751391,4.521990282834353,1.4788142454445734,Camp,CLU-31,Site11,Admin1_B,Admin2_13,yes,18,m,7,2024-10-25,2024-10-23,device-4531,7,single,idp_returnee,yes,2023-12-04,healthcare,drinking_water,yes,3,0,6,18,Poor,0,None
HH-00420,ENUM-29,HHID-00420,45.42741529878239,-129.55925672407707,9.33875017527905,1.5315546021215594,Rural,CLU-25,Site19,Admin1_E,Admin2_5,maybe,63,f,14,2024-10-28,2024-10-30,device-9394,14,divorced,host,,,healthcare,healthcare,no,0,7,3,23,Poor,4,Severe
HH-00421,ENUM-23,HHID-00421,52.484227870652745,132.6484713232486,3.161561049767505,2.239045366242017,Rural,CLU-80,Site1,Admin1_B,Admin2_12,yes,73,f,15,2024-10-21,2024-10-25,device-2864,15,widowed,host,yes,,food,drinking_water,no,0,0,0,0,Poor,2,Moderate
HH-00422,ENUM-29,HHID-00422,52.13126570301969,-4.524768630175089,5.072348086883924,0.5080456590106968,Camp,CLU-68,Site3,Admin1_A,Admin2_12,yes,61,f,2,2024-10-22,2024-10-23,device-6655,2,married,idp_returnee,no,,shelter_materials,drinking_water,no,0,4,3,17,Poor,1,Moderate
HH-00423,ENUM-3,HHID-00423,-73.58290145123573,142.03880168187288,0.41572859050392097,2.048973343649602,Urban,CLU-33,Site15,Admin1_E,Admin2_11,yes,51,m,2,2024-10-23,2024-10-28,device-8043,2,widowed,host,,,healthcare,drinking_water,no,0,6,0,12,Poor,6,Severe
HH-00424,ENUM-47,HHID-00424,-1.0043451535353398,107.94789214103349,1.4834320096208886,1.3887325261033934,Rural,CLU-46,Site12,Admin1_D,Admin2_5,yes,67,m,3,2024-10-25,2024-10-27,device-2816,3,single,idp_returnee,no,,healthcare,drinking_water,no,0,1,1,5,Poor,2,Moderate
HH-00425,ENUM-23,HHID-00425,-79.63942319700402,-26.923138391075952,9.86630122958847,2.4854933281927107,Rural,CLU-35,Site3,Admin1_A,Admin2_7,yes,65,f,6,2024-10-31,2024-11-02,device-5640,6,divorced,host,,,wash_nfi,drinking_water,no,0,1,4,14,Poor,3,Moderate
HH-00426,ENUM-40,HHID-00426,8.915198818272401,-171.91104900475773,9.651186964360456,0.7324765995578304,Rural,CLU-51,Site18,Admin1_C,Admin2_15,yes,54,m,4,2024-10-24,2024-10-27,device-8972,4,widowed,idp,no,,shelter_materials,drinking_water,yes,5,0,3,9,Poor,4,Severe
HH-00427,ENUM-28,HHID-00427,-10.524509752792142,-83.27615062141942,0.04939980934409616,1.9705056673709762,Camp,CLU-11,Site13,Admin1_E,Admin2_7,yes,64,m,6,2024-10-30,2024-11-01,device-9633,6,single,refugee,no,,wash_nfi,wash_nfi,no,0,0,6,18,Poor,5,Severe
HH-00428,ENUM-18,HHID-00428,69.78675289649397,14.988317277912103,9.51811785423239,1.7024322247153094,Urban,CLU-48,Site7,Admin1_B,Admin2_14,yes,54,f,6,2024-11-03,2024-11-04,device-6053,6,married,refugee,yes,2024-04-12,shelter_materials,drinking_water,no,0,4,3,17,Poor,0,None
HH-00429,ENUM-41,HHID-00429,-26.835297740625833,48.052159137413014,6.391199378155004,2.1058138147630685,Urban,CLU-52,Site14,Admin1_B,Admin2_6,maybe,32,m,11,2024-11-03,2024-11-04,device-1744,11,married,idp_returnee,yes,2023-11-04,wash_nfi,drinking_water,yes,0,6,1,15,Poor,2,Moderate
HH-00430,ENUM-4,HHID-00430,-68.92793704303094,-87.16043324404718,8.679182945200221,0.6621339862074209,Camp,CLU-59,Site7,Admin1_C,Admin2_8,yes,80,f,5,2024-10-29,2024-10-31,device-4612,5,widowed,refugee,yes,2023-11-04,wash_nfi,drinking_water,no,0,6,0,12,Poor,0,None
HH-00431,ENUM-5,HHID-00431,-64.26149723048954,-129.83181333378332,4.547398556338591,-3.7176062178412055,Camp,CLU-73,Site16,Admin1_B,Admin2_5,yes,79,f,12,2024-11-03,2024-11-06,device-7475,12,single,refugee,yes,2024-04-20,drinking_water,food,no,0,1,2,8,Poor,4,Severe
HH-00432,ENUM-43,HHID-00432,47.07191370914501,120.57488524774766,5.155960285792503,1.9037114698988093,Urban,CLU-32,Site9,Admin1_C,Admin2_4,yes,60,m,5,2024-10-30,2024-11-04,device-1897,5,single,refugee,yes,2024-01-26,drinking_water,food,yes,1,6,5,27,Poor,4,Severe
HH-00433,ENUM-41,HHID-00433,21.279251396926995,174.3847850532788,4.888465802569202,1.9016502360404273,Camp,CLU-90,Site11,Admin1_A,Admin2_8,yes,73,m,10,2024-10-29,2024-11-03,device-1125,10,married,refugee,yes,2023-12-01,healthcare,drinking_water,yes,5,3,7,27,Poor,1,Moderate
HH-00434,ENUM-26,HHID-00434,-71.79791829789775,9.248465628966898,6.668642575461043,2.008719166491137,Camp,CLU-29,Site10,Admin1_A,Admin2_5,yes,39,f,11,2024-11-03,2024-11-06,device-4349,11,divorced,idp,no,,drinking_water,food,no,0,0,4,12,Poor,6,Severe
HH-00435,ENUM-24,HHID-00435,-74.86077489930047,-118.19545709461073,1.396512547563129,2.1911698430659055,Camp,CLU-39,Site11,Admin1_B,Admin2_11,,51,f,7,2024-11-04,2024-11-08,device-5938,7,divorced,idp,yes,2024-01-08,healthcare,drinking_water,no,0,7,3,23,Poor,3,Moderate
HH-00436,ENUM-33,,36.17444366264159,-81.96936245302717,0.2997358987267795,2.5124724992019245,Urban,CLU-88,Site18,Admin1_E,Admin2_9,yes,51,m,5,2024-10-31,2024-11-01,device-4460,37,widowed,refugee,yes,2023-12-26,healthcare,drinking_water,yes,2,6,2,18,Poor,3,Moderate
HH-00437,ENUM-48,HHID-00437,-76.90265885444516,-173.37935644291198,3.079299415911909,1.1745518003205357,Urban,CLU-11,Site19,Admin1_B,Admin2_14,yes,62,m,15,2024-11-06,2024-11-10,device-3248,15,widowed,idp,yes,2024-02-23,shelter_materials,drinking_water,yes,2,7,6,32,Borderline,2,Moderate
HH-00438,ENUM-44,HHID-00438,57.93481067226412,149.14757036177963,7.0468076273664675,2.5626235254501553,Rural,CLU-84,Site5,Admin1_A,Admin2_10,yes,62,m,8,2024-11-04,2024-11-07,device-5186,8,married,idp,no,,healthcare,drinking_water,no,0,6,3,21,Poor,6,Severe
HH-00439,ENUM-11,HHID-00439,37.12360088816932,288.0801681367854,2.0185345212294834,1.745639205658634,Urban,CLU-84,Site19,Admin1_E,Admin2_7,,57,m,13,2024-11-12,2024-11-16,device-5742,13,single,refugee,no,,healthcare,healthcare,yes,1,1,0,2,Poor,2,Moderate
HH-00440,ENUM-2,HHID-00440,-75.35721948445804,27.54593118513128,47.53607601929058,0.692645697835828,Urban,CLU-98,Site16,Admin1_C,Admin2_10,yes,24,f,14,2024-11-06,2024-11-09,device-6375,14,divorced,idp_returnee,no,,healthcare,drinking_water,no,0,5,3,19,Poor,6,Severe
HH-00441,ENUM-10,HHID-00441,-74.72921146466545,-81.34012055260584,9.699120461072704,0.646377323109948,Rural,CLU-5,Site11,Admin1_A,Admin2_2,yes,45,m,6,2024-11-14,2024-11-19,device-2965,6,divorced,refugee,yes,2024-02-24,drinking_water,food,no,0,0,7,21,Poor,5,Severe
HH-00442,ENUM-39,HHID-00442,87.59512413021159,19.50408090568564,0.9390071578941839,1.335595796740152,Rural,CLU-12,Site2,Admin1_C,Admin2_1,yes,60,m,35,2024-11-05,2024-11-10,device-1126,12,divorced,idp,no,,drinking_water,food,no,0,7,5,29,Borderline,6,Severe
HH-00443,ENUM-44,HHID-00443,-22.631256763898335,54.51133980667112,6.726021182251262,2.4622424427786687,Urban,CLU-52,Site2,Admin1_D,Admin2_9,yes,64,m,10,2024-11-10,2024-11-05,device-9149,10,divorced,idp_returnee,yes,2024-05-09,food,drinking_water,yes,0,5,2,16,Poor,1,Moderate
HH-00485,ENUM-29,HHID-00444,-23.28441352795963,118.70704933459257,4.437502193045711,2.269202336852289,Camp,CLU-49,Site4,Admin1_E,Admin2_11,yes,33,f,9,2024-11-14,2024-11-18,device-8055,9,married,idp,yes,2023-12-30,wash_nfi,drinking_water,no,0,3,4,18,Poor,4,Severe
HH-00445,ENUM-3,HHID-00445,56.303922106350456,-105.68834216618285,8.681422543775053,2.471537411681016,Rural,CLU-49,Site15,Admin1_A,Admin2_14,yes,48,m,8,2024-11-12,2024-11-13,device-3878,8,divorced,idp,no,,shelter_materials,drinking_water,no,0,1,5,17,Poor,5,Severe
HH-00446,ENUM-9,HHID-00446,80.50474392909456,-176.04150168294703,1.771497894473859,1.7931726411040234,Urban,CLU-71,Site1,Admin1_C,Admin2_14,yes,40,m,7,2024-11-16,2024-11-21,device-3116,7,single,host,,,food,drinking_water,yes,1,1,0,2,Poor,4,Severe
HH-00447,ENUM-5,HHID-00447,87.48019148811676,-130.72117317522938,6.926259522261645,1.6004974948887263,Urban,CLU-61,Site4,Admin1_C,Admin2_6,yes,60,m,3,2024-11-10,2024-11-11,device-7229,3,divorced,host,,,healthcare,drinking_water,yes,3,0,6,18,Poor,4,Severe
HH-00448,ENUM-16,HHID-00448,45.6080733466095,144.00671106531786,8.381152896481103,0.8686313167657098,Rural,CLU-8,Site6,Admin1_C,Admin2_9,yes,61,f,3,2024-11-11,2024-11-15,device-9725,3,widowed,host,,,healthcare,drinking_water,no,0,1,4,14,Poor,1,Moderate
HH-00449,ENUM-50,HHID-00449,-22.27327460443516,134.6004279225055,9.446142194740233,1.3204818840232788,Camp,CLU-82,Site15,Admin1_B,Admin2_11,yes,59,m,14,2024-11-11,2024-11-14,device-4770,14,single,idp,yes,2024-08-06,food,drinking_water,yes,3,3,0,6,Poor,0,None
HH-00450,ENUM-42,HHID-00450,-74.96987099423963,35.068716781311,6.832480282896459,1.5850484154346882,Camp,CLU-2,Site15,Admin1_B,Admin2_10,yes,42,m,1,2024-11-12,2024-11-17,device-9196,1,divorced,refugee,yes,2024-05-10,shelter_materials,drinking_water,no,0,2,3,13,Poor,3,Moderate
HH-00451,ENUM-24,HHID-00451,49.88644486693863,36.18606975611522,4.971747640084273,0.7215010741990431,Urban,CLU-90,Site1,Admin1_D,Admin2_10,yes,27,f,3,2024-11-17,2024-11-20,device-6802,3,married,refugee,yes,2024-07-23,healthcare,drinking_water,no,0,4,5,23,Poor,0,None
HH-00452,ENUM-24,HHID-00452,10.512764952444911,59.413202836651976,6.178472402012138,1.051529881778028,Rural,CLU-22,Site14,Admin1_D,Admin2_5,yes,71,f,12,2024-11-11,2024-11-12,device-2180,12,married,idp,no,,healthcare,drinking_water,yes,0,5,5,25,Poor,4,Severe
HH-00453,ENUM-25,HHID-00453,-13.640038335544276,-116.86633969555814,8.689049844787181,1.995563235159347,Rural,CLU-11,Site7,Admin1_C,Admin2_5,yes,70,f,4,2024-11-14,2024-11-15,device-7505,4,divorced,host,,,drinking_water,food,yes,1,6,3,21,Poor,6,Severe
HH-00454,ENUM-37,HHID-00454,73.14378931705247,149.18830053298552,5.706097466388297,2.3391577855979744,Rural,CLU-64,Site5,Admin1_B,Admin2_11,yes,53,m,11,2024-11-18,2024-11-20,device-1693,11,widowed,idp,yes,2024-06-08,wash_nfi,drinking_water,yes,3,7,3,23,Poor,3,Moderate
HH-00455,ENUM-3,HHID-00455,-69.98445318489276,-29.24261103885368,0.3038705969683686,2.9958687784823743,Camp,CLU-56,Site10,Admin1_E,Admin2_2,yes,75,f,5,2024-11-19,2024-11-24,device-8147,5,married,refugee,no,,healthcare,drinking_water,yes,2,7,0,14,Poor,2,Moderate
HH-00456,ENUM-39,HHID-00456,-1.3274812276453503,-42.07012983018092,9.309486955069778,2.8327833283588943,Camp,CLU-83,Site6,Admin1_E,Admin2_8,yes,57,m,12,2024-11-24,2024-11-29,device-1307,12,single,refugee,yes,2024-07-01,wash_nfi,drinking_water,no,0,2,3,13,Poor,1,Moderate
HH-00457,ENUM-10,HHID-00457,-87.95634394186457,6.810373901821521,6.895267510315612,2.1064129988379787,Camp,CLU-43,Site9,Admin1_C,Admin2_2,yes,21,f,12,2024-11-18,2024-11-19,device-8532,12,widowed,refugee,yes,2024-02-15,wash_nfi,drinking_water,no,0,3,3,15,Poor,6,Severe
HH-00458,ENUM-44,HHID-00458,-5.641084441057274,-163.09225196098018,6.765133857772465,1.55312013323518,Rural,CLU-73,Site3,Admin1_B,Admin2_6,yes,18,f,12,2024-11-19,2024-11-22,device-2275,12,married,idp,no,,wash_nfi,drinking_water,yes,2,2,6,22,Poor,2,Moderate
HH-00459,ENUM-29,HHID-00459,-79.86541037726928,-120.13798724781141,2.1567515239771717,2.0904434117705817,Urban,CLU-13,Site12,Admin1_E,Admin2_5,yes,59,f,2,2024-11-18,2024-11-23,device-6129,2,widowed,refugee,no,,healthcare,drinking_water,no,0,0,5,15,Poor,6,Severe
HH-00380,ENUM-24,HHID-00460,173.77441060355804,85.69210191349333,6.5888547023265716,2.46412904520058,Camp,CLU-68,Site9,Admin1_B,Admin2_11,maybe,77,m,4,2024-11-18,2024-11-19,device-8033,4,married,refugee,yes,2024-04-12,healthcare,drinking_water,no,0,0,2,6,Poor,1,Moderate
HH-00461,ENUM-24,HHID-00461,-68.84527558012113,-150.19247954695447,3.938644056541585,0.7958404773084683,Rural,CLU-6,Site3,Admin1_D,Admin2_6,yes,28,f,3,2024-11-24,2024-11-26,device-7626,3,married,refugee,no,,wash_nfi,drinking_water,no,0,2,7,25,Poor,3,Moderate
HH-00462,ENUM-29,HHID-00462,26.85785438089144,37.134759407899764,6.512329770414921,1.5247622242407206,Rural,CLU-30,Site12,Admin1_C,Admin2_14,yes,50,m,7,2024-11-18,2024-11-22,device-7843,7,widowed,refugee,yes,2024-05-25,food,drinking_water,no,0,4,0,8,Poor,5,Severe
HH-00463,ENUM-49,HHID-00463,44.2880782677762,-91.67432051472446,1.0659303030799072,2.599505714089043,Urban,CLU-28,Site6,Admin1_C,Admin2_5,yes,72,f,2,2024-11-26,2024-12-01,device-5743,2,divorced,idp_returnee,yes,2024-10-03,wash_nfi,wash_nfi,yes,4,6,1,15,Poor,3,Moderate
HH-00464,ENUM-5,HHID-00464,15.006377717488732,-39.853578944888454,6.5784530460303605,1.45958237983261,Urban,CLU-89,Site2,Admin1_B,Admin2_5,yes,48,f,2,2024-11-23,2024-11-27,device-2887,2,divorced,idp,no,,drinking_water,food,yes,1,5,7,31,Borderline,8,Moderate
HH-00465,ENUM-37,HHID-00465,83.19105872541755,-76.07025476254805,9.994137257706665,1.9296806780679663,Rural,CLU-73,Site13,Admin1_B,Admin2_11,yes,72,m,2,2024-11-23,2024-11-26,device-7636,2,widowed,idp,yes,2024-08-10,healthcare,drinking_water,yes,0,4,1,11,Poor,4,Severe
HH-00466,ENUM-9,HHID-00466,-22.523295685733274,-51.95782207261831,0.4821203886055603,1.9694234021554955,Urban,CLU-61,Site10,Admin1_A,Admin2_12,yes,49,m,15,2024-11-28,2024-11-21,device-1341,15,married,refugee,no,,shelter_materials,drinking_water,no,0,2,3,13,Poor,2,Moderate
HH-00467,ENUM-34,HHID-00467,-38.57182446926507,78.85652586632835,9.771741842213173,0.9611906328340984,Camp,CLU-35,Site8,Admin1_E,Admin2_15,yes,73,f,15,2024-11-27,2024-12-02,device-6321,15,married,host,,,healthcare,drinking_water,yes,2,2,0,4,Very Poor,1,Moderate
HH-00468,ENUM-24,HHID-00468,66.34784307410285,-73.03618237565699,4.069079607228706,1.4055886041307208,Rural,CLU-6,Site14,Admin1_D,Admin2_11,,28,f,8,2024-11-26,2024-11-30,device-3815,8,married,refugee,no,,wash_nfi,drinking_water,yes,2,7,2,20,Poor,5,Severe
HH-00469,ENUM-26,HHID-00469,-49.752749066498524,23.905670506882984,8.707534503372592,1.3362782218548304,Camp,CLU-10,Site3,Admin1_E,Admin2_5,yes,22,f,9,2024-11-26,2024-11-30,device-8538,9,married,idp,yes,2024-04-30,healthcare,drinking_water,no,0,4,3,17,Poor,5,Severe
HH-00470,ENUM-21,HHID-00470,83.38005709931002,-8.62185520832412,7.823854840582735,0.5654917713301619,Rural,CLU-88,Site4,Admin1_A,Admin2_4,yes,66,m,1,2024-11-27,2024-11-28,device-6928,1,married,idp_returnee,no,,wash_nfi,drinking_water,yes,5,5,2,16,Poor,6,Severe
HH-00471,ENUM-42,HHID-00471,-87.81219455583306,58.92161953055333,5.6701626098666775,0.5604794097283881,Camp,CLU-36,Site1,Admin1_B,Admin2_3,yes,49,m,1,2024-11-25,2024-11-29,device-2443,1,divorced,refugee,yes,2024-06-03,shelter_materials,drinking_water,yes,3,4,1,11,Poor,6,Severe
HH-00472,ENUM-18,HHID-00472,84.57818880737503,157.25870615691287,7.384492092513265,2.579242609189434,Urban,CLU-70,Site7,Admin1_E,Admin2_9,yes,38,m,13,2024-12-05,2024-12-08,device-8155,13,married,idp_returnee,no,,shelter_materials,drinking_water,no,0,5,2,16,Poor,6,Severe
,ENUM-16,HHID-00473,-82.2312158488963,83.72595499569013,8.78515561301348,1.182677024932031,Urban,CLU-73,Site16,Admin1_C,Admin2_13,yes,33,m,7,2024-11-29,2024-12-03,device-2734,7,widowed,host,,,shelter_materials,drinking_water,no,0,0,3,9,Poor,5,Severe
HH-00474,ENUM-8,HHID-00474,70.4057604656528,-102.62146370732756,4.0414032165103295,1.7951969155970386,Camp,CLU-85,Site3,Admin1_E,Admin2_4,yes,39,m,9,2024-12-03,2024-12-06,device-4986,9,married,host,,,drinking_water,food,no,0,2,3,13,Poor,0,None
HH-00475,ENUM-2,HHID-00475,4.986199635533978,-168.7740713779375,3.270331615632387,-4.009709933834059,Rural,CLU-5,Site5,Admin1_B,Admin2_15,yes,80,f,13,2024-12-02,2024-12-05,device-8138,13,married,refugee,no,,drinking_water,food,no,0,0,1,3,Poor,4,Severe
HH-00476,ENUM-48,HHID-00476,88.73366330147405,-85.58494405206297,6.675933855635847,2.8516981127883514,Rural,CLU-23,Site19,Admin1_E,Admin2_1,yes,35,m,2,2024-12-02,2024-12-03,device-7560,2,divorced,idp_returnee,yes,2024-03-14,wash_nfi,drinking_water,no,0,3,6,24,Poor,2,Moderate
HH-00477,ENUM-12,HHID-00477,-76.71661834762821,34.22805505209175,8.078459419412585,1.1482418971644344,Camp,CLU-41,Site8,Admin1_A,Admin2_13,yes,21,f,2,2024-11-30,2024-12-02,device-9584,2,single,host,,,drinking_water,food,no,0,0,7,21,Poor,2,Moderate
HH-00478,ENUM-32,HHID-00478,9.693771192237747,-161.48670714566987,7.622851347766158,1.5741420318473378,Camp,CLU-3,Site17,Admin1_D,Admin2_14,yes,50,f,5,2024-12-03,2024-12-06,device-2288,5,single,refugee,no,,food,drinking_water,no,0,6,4,24,Poor,4,Severe
,ENUM-34,HHID-00479,84.47445641143781,-1.308151007554926,7.978136488586345,2.6818256262115048,Urban,CLU-27,Site15,Admin1_B,Admin2_13,yes,32,f,10,2024-12-05,2024-12-09,device-7484,10,married,host,,,shelter_materials,drinking_water,yes,2,5,2,16,Poor,5,Severe
HH-00480,ENUM-25,HHID-00480,4.157611950626787,34.86342561008013,4.35583314812933,2.604833916979522,Urban,CLU-76,Site1,Admin1_C,Admin2_13,yes,53,m,3,2024-12-11,2024-12-15,device-6083,3,divorced,idp,yes,2024-08-18,shelter_materials,drinking_water,yes,5,3,3,15,Poor,0,None
HH-00481,ENUM-36,HHID-00481,23.291754864347254,-59.67219930589411,8.178342161750216,0.9652535446156933,Camp,CLU-19,Site1,Admin1_A,Admin2_10,yes,59,m,2,2024-12-10,2024-12-13,device-6562,2,married,idp_returnee,yes,2023-12-30,wash_nfi,drinking_water,yes,5,3,3,15,Poor,2,Moderate
HH-00482,ENUM-8,HHID-00482,35.234764017231086,97.52839334849591,1.2020905537060844,2.506608274489276,Camp,CLU-97,Site11,Admin1_B,Admin2_7,yes,42,f,11,2024-12-08,2024-12-12,device-4630,11,single,host,yes,2024-08-18,drinking_water,food,yes,1,3,6,24,Poor,6,Severe
HH-00483,ENUM-17,HHID-00483,-8.182608341800815,-141.62462887184216,5.444890979608496,1.6454672168447315,Rural,CLU-92,Site4,Admin1_C,Admin2_11,yes,43,f,15,2024-12-13,2024-12-18,device-6456,15,divorced,host,,,shelter_materials,drinking_water,no,0,1,2,8,Poor,5,Severe
HH-00484,ENUM-50,HHID-00484,22.960454415131423,-152.95039857510884,0.057586604981215705,0.0,Rural,CLU-51,Site14,Admin1_C,Admin2_6,yes,70,f,15,2024-12-12,2024-12-13,device-3754,15,widowed,host,,,healthcare,healthcare,yes,1,5,3,19,Poor,11,Severe
HH-00485,ENUM-17,HHID-00485,15.176576146158041,82.14795223329719,3.2458582990027027,0.8336999310398594,Camp,CLU-10,Site5,Admin1_B,Admin2_11,yes,33,f,7,2024-12-09,2024-12-13,device-2251,7,widowed,idp,no,,drinking_water,food,no,0,3,4,18,Poor,7,Moderate
HH-00486,ENUM-46,HHID-00486,72.20844188837802,-1.6231261657685536,3.664615348713979,0.7015037843928116,Rural,CLU-39,Site16,Admin1_A,Admin2_3,yes,23,f,5,2024-12-05,2024-12-06,device-9363,5,divorced,refugee,yes,2024-02-05,healthcare,drinking_water,yes,4,7,4,26,Poor,5,Severe
HH-00487,ENUM-29,HHID-00487,-81.81965153853758,67.82486271398497,3.961726916092554,-3.6994712029807064,Urban,CLU-21,Site3,Admin1_C,Admin2_12,yes,47,f,4,2024-12-07,2024-12-10,device-2868,4,widowed,host,,,shelter_materials,drinking_water,yes,3,7,7,35,Borderline,6,Severe
HH-00488,ENUM-14,HHID-00488,-39.42662587339854,-23.462158102651358,6.954672066898622,1.7411528808882495,Rural,CLU-73,Site8,Admin1_D,Admin2_1,yes,46,f,4,2024-12-10,2024-12-13,device-9693,4,divorced,idp_returnee,yes,2024-06-17,shelter_materials,drinking_water,no,0,5,3,19,Poor,1,Moderate
HH-00489,ENUM-40,HHID-00489,81.07406713378057,-91.29526803392154,3.885581012703457,1.5921267565379489,Camp,CLU-31,Site13,Admin1_A,Admin2_11,yes,9,m,12,2024-12-09,2024-12-12,device-9355,12,married,host,,,healthcare,drinking_water,yes,1,5,4,22,Poor,3,Moderate
HH-00490,ENUM-19,HHID-00490,70.24748110036495,114.87683436271192,4.486936226225307,2.323770571630992,Urban,CLU-73,Site3,Admin1_C,Admin2_8,yes,54,f,5,2024-12-17,2024-12-18,device-4176,5,married,idp_returnee,no,,shelter_materials,drinking_water,yes,1,4,7,29,Borderline,2,Moderate
HH-00491,ENUM-45,HHID-00491,-7.98178449857167,107.78971642883255,2.375441308743275,2.4137822474777746,Urban,CLU-50,Site4,Admin1_B,Admin2_5,yes,46,f,8,2024-12-13,2024-12-17,device-6724,8,single,host,,,drinking_water,drinking_water,yes,3,6,1,15,Poor,5,Severe
HH-00492,ENUM-32,HHID-00492,21.62386760427661,70.09072950759364,3.732517916293401,0.8972704191733839,Urban,CLU-87,Site4,Admin1_B,Admin2_5,yes,23,m,11,2024-12-09,2024-12-14,device-6752,11,married,refugee,no,,food,drinking_water,no,0,5,5,25,Poor,3,Moderate
HH-00493,ENUM-13,HHID-00493,-40.071387063396116,-82.02775059721343,2.2726962726315145,2.025562873694103,Rural,CLU-70,Site11,Admin1_A,Admin2_15,yes,72,f,3,2024-12-11,2024-12-12,device-3419,3,married,refugee,no,,food,drinking_water,no,0,2,6,22,Poor,0,None
HH-00494,ENUM-8,HHID-00494,-56.138191249722965,32.48304007287135,0.7319592376844364,0.8383852056942138,Rural,CLU-43,Site12,Admin1_C,Admin2_7,yes,11,f,3,2024-12-20,2024-12-25,device-4871,3,single,refugee,yes,2024-08-19,food,drinking_water,no,0,1,6,20,Poor,6,Severe
HH-00495,ENUM-9,HHID-00495,-6.534287110803206,-50.04939710159036,6.034485933813779,2.3784377150726144,Urban,CLU-50,Site10,Admin1_C,Admin2_7,maybe,46,f,9,2024-12-17,2024-12-21,device-2684,9,divorced,idp_returnee,no,,shelter_materials,drinking_water,no,0,7,2,191,Poor,2,Moderate
HH-00496,ENUM-5,HHID-00496,-26.396598955310495,-147.0304536024117,6.682127985550163,2.142387890667849,Urban,CLU-97,Site5,Admin1_A,Admin2_7,yes,38,f,14,2024-12-17,2024-12-21,device-3399,14,married,refugee,yes,2024-08-20,wash_nfi,drinking_water,no,0,0,7,21,Poor,1,Moderate
HH-00497,ENUM-29,HHID-00497,15.05810013315697,150.2328871664074,6.194903460096145,,Rural,CLU-95,Site13,Admin1_A,Admin2_12,yes,25,f,3,2024-12-18,2024-12-19,device-5193,3,married,idp_returnee,no,,drinking_water,food,no,0,7,7,35,Borderline,6,Severe
HH-00498,ENUM-12,HHID-00498,-76.00776534630273,-130.7452928691739,4.6349404380057235,0.672395040891053,Rural,CLU-18,Site5,Admin1_A,Admin2_1,yes,80,f,1,2024-12-19,2024-12-21,device-4232,1,married,idp_returnee,yes,2024-09-02,drinking_water,food,no,0,3,6,24,Poor,5,Severe
HH-00499,ENUM-46,HHID-00499,85.39106537990997,162.08544737548885,3.797857801792298,-1.9579721637903638,Urban,CLU-89,Site5,Admin1_D,Admin2_10,yes,49,m,1,2024-12-23,2024-12-28,device-3842,1,single,idp_returnee,yes,2024-09-02,shelter_materials,drinking_water,no,0,0,6,18,Poor,1,Moderate
HH-00500,ENUM-29,HHID-00500,87.51793400632852,-19.437921735135944,8.633336495718252,1.2054676867330003,Rural,CLU-93,Site3,Admin1_D,Admin2_12,yes,65,m,11,2024-12-23,2024-12-26,device-3504,11,divorced,idp,yes,2024-07-25,drinking_water,food,yes,3,3,2,12,Poor,6,Severe
